conflict,date,count,total_count,ratio,population,region
Ukraine,2025-10-01,4,413118,9.68246360603992e-06,white,Europe
Ukraine,2025-10-02,0,386885,0.0,white,Europe
Ukraine,2025-10-03,2,365871,5.466407558948372e-06,white,Europe
Ukraine,2025-10-04,1,258874,3.862883101431585e-06,white,Europe
Ukraine,2025-10-05,6,245464,2.444350291692468e-05,white,Europe
Ukraine,2025-10-06,1,370927,2.6959482593610064e-06,white,Europe
Ukraine,2025-10-07,0,390339,0.0,white,Europe
Ukraine,2025-10-08,1,397708,2.5144075552918223e-06,white,Europe
Ukraine,2025-10-09,2,401652,4.979434933723721e-06,white,Europe
Ukraine,2025-10-10,3,373577,8.030472968089577e-06,white,Europe
Ukraine,2025-10-11,2,253430,7.891725525786213e-06,white,Europe
Ukraine,2025-10-12,8,244058,3.2779093494169416e-05,white,Europe
Ukraine,2025-10-13,0,365543,0.0,white,Europe
Ukraine,2025-10-14,2,393657,5.080565060446023e-06,white,Europe
Ukraine,2025-10-15,6,404546,1.48314406767092e-05,white,Europe
Ukraine,2025-10-16,13,402508,3.2297494708179714e-05,white,Europe
Ukraine,2025-10-17,12,378636,3.169270750800241e-05,white,Europe
Ukraine,2025-10-18,5,256444,1.9497434137667483e-05,white,Europe
Ukraine,2025-10-19,1,246205,4.061655937125566e-06,white,Europe
Ukraine,2025-10-20,5,361188,1.384320630807225e-05,white,Europe
Ukraine,2025-10-21,3,390569,7.681101162662679e-06,white,Europe
Ukraine,2025-10-22,6,401753,1.4934549337528282e-05,white,Europe
Ukraine,2025-10-23,7,396721,1.7644641952404838e-05,white,Europe
Ukraine,2025-10-24,4,372896,1.0726851454561058e-05,white,Europe
Ukraine,2025-10-25,3,254711,1.1778054343942743e-05,white,Europe
Ukraine,2025-10-26,3,250172,1.1991749676222758e-05,white,Europe
Ukraine,2025-10-27,3,371259,8.0806121871793e-06,white,Europe
Ukraine,2025-10-28,1,393666,2.540224454232776e-06,white,Europe
Ukraine,2025-10-29,2,403255,4.959640921997247e-06,white,Europe
Ukraine,2025-10-30,1,393785,2.5394568101883007e-06,white,Europe
Ukraine,2025-10-31,1,376118,2.6587400762526654e-06,white,Europe
Ukraine,2025-11-01,0,265016,0.0,white,Europe
Ukraine,2025-11-02,1,243359,4.10915560961378e-06,white,Europe
Ukraine,2025-11-03,1,366974,2.724988691296931e-06,white,Europe
Ukraine,2025-11-04,0,399751,0.0,white,Europe
Ukraine,2025-11-05,0,415870,0.0,white,Europe
Ukraine,2025-11-06,4,407271,9.82147022498533e-06,white,Europe
Ukraine,2025-11-07,2,383130,5.220160258919949e-06,white,Europe
Ukraine,2025-11-08,0,260562,0.0,white,Europe
Ukraine,2025-11-09,0,250208,0.0,white,Europe
Ukraine,2025-11-10,0,374543,0.0,white,Europe
Ukraine,2025-11-11,2,391223,5.1121738752578454e-06,white,Europe
Ukraine,2025-11-12,3,409224,7.33094833147616e-06,white,Europe
Ukraine,2025-11-13,0,410496,0.0,white,Europe
Ukraine,2025-11-14,2,386544,5.174055217517281e-06,white,Europe
Ukraine,2025-11-15,2,260461,7.678692779341245e-06,white,Europe
Ukraine,2025-11-16,1,246430,4.0579474901594775e-06,white,Europe
Ukraine,2025-11-17,2,386039,5.180823699159929e-06,white,Europe
Ukraine,2025-11-18,4,392586,1.0188850341071765e-05,white,Europe
Ukraine,2025-11-19,10,410027,2.438863782141176e-05,white,Europe
Ukraine,2025-11-20,10,401224,2.4923733375869837e-05,white,Europe
Ukraine,2025-11-21,11,376856,2.9188867896490968e-05,white,Europe
Ukraine,2025-11-22,5,260796,1.9172073191306615e-05,white,Europe
Ukraine,2025-11-23,8,247356,3.234204951567781e-05,white,Europe
Ukraine,2025-11-24,18,369225,4.8750761730652044e-05,white,Europe
Ukraine,2025-11-25,8,402507,1.987543073785052e-05,white,Europe
Ukraine,2025-11-26,10,401650,2.4897298643097223e-05,white,Europe
Ukraine,2025-11-27,1,371181,2.694103415853721e-06,white,Europe
Ukraine,2025-11-28,2,353056,5.664823710686123e-06,white,Europe
Ukraine,2025-11-29,5,252636,1.979132031856109e-05,white,Europe
Ukraine,2025-11-30,10,247194,4.0454056328228034e-05,white,Europe
Ukraine,2025-12-01,5,379063,1.3190419534483714e-05,white,Europe
Ukraine,2025-12-02,7,398109,1.758312421974886e-05,white,Europe
Ukraine,2025-12-03,6,401740,1.4935032608154527e-05,white,Europe
Ukraine,2025-12-04,9,397658,2.2632513365756504e-05,white,Europe
Ukraine,2025-12-05,1,373655,2.676265539066786e-06,white,Europe
Ukraine,2025-12-06,9,251495,3.5785999721664444e-05,white,Europe
Ukraine,2025-12-07,2,241620,8.27746047512623e-06,white,Europe
Ukraine,2025-12-08,2,348412,5.740330413418596e-06,white,Europe
Ukraine,2025-12-09,2,394955,5.063868035598992e-06,white,Europe
Ukraine,2025-12-10,5,400280,1.24912561207155e-05,white,Europe
Ukraine,2025-12-11,3,395303,7.589115185060574e-06,white,Europe
Ukraine,2025-12-12,3,369615,8.116553711294184e-06,white,Europe
Ukraine,2025-12-13,3,250769,1.1963201193129933e-05,white,Europe
Ukraine,2025-12-14,4,245778,1.6274849661076255e-05,white,Europe
Ukraine,2025-12-15,4,373258,1.0716448140428336e-05,white,Europe
Ukraine,2025-12-16,9,387463,2.322802435329309e-05,white,Europe
Ukraine,2025-12-17,6,395680,1.5163768701981399e-05,white,Europe
Ukraine,2025-12-18,2,388818,5.143794783163331e-06,white,Europe
Ukraine,2025-12-19,7,367756,1.903435973852228e-05,white,Europe
Ukraine,2025-12-20,0,243532,0.0,white,Europe
Ukraine,2025-12-21,3,232138,1.2923347319266988e-05,white,Europe
Ukraine,2025-12-22,9,347806,2.5876494367549726e-05,white,Europe
Ukraine,2025-12-23,5,352583,1.4181058077105249e-05,white,Europe
Ukraine,2025-12-24,2,289086,6.918356475235743e-06,white,Europe
Ukraine,2025-12-25,2,223901,8.932519283076002e-06,white,Europe
Ukraine,2025-12-26,2,265056,7.54557527465894e-06,white,Europe
Ukraine,2025-12-27,2,222671,8.981861131445047e-06,white,Europe
Ukraine,2025-12-28,8,224537,3.562887185630876e-05,white,Europe
Ukraine,2025-12-29,10,322170,3.103951330043145e-05,white,Europe
Ukraine,2025-12-30,6,336075,1.7853157777281857e-05,white,Europe
Ukraine,2025-12-31,8,284556,2.811397405080195e-05,white,Europe
Ukraine,2026-01-01,2,271695,7.3611954581424025e-06,white,Europe
Ukraine,2026-01-02,2,279147,7.164683840413832e-06,white,Europe
Ukraine,2026-01-03,1,240605,4.156189605369797e-06,white,Europe
Ukraine,2026-01-04,0,233289,0.0,white,Europe
Ukraine,2026-01-05,1,340670,2.935392021604485e-06,white,Europe
Ukraine,2026-01-06,5,342779,1.4586657875774187e-05,white,Europe
Ukraine,2026-01-07,3,365261,8.213305006556955e-06,white,Europe
Ukraine,2026-01-08,4,376270,1.0630664150742818e-05,white,Europe
Ukraine,2026-01-09,5,347047,1.440727048497754e-05,white,Europe
Ukraine,2026-01-10,1,240103,4.164879239326456e-06,white,Europe
Ukraine,2026-01-11,0,230427,0.0,white,Europe
Ukraine,2026-01-12,4,353799,1.1305854454082685e-05,white,Europe
Ukraine,2026-01-13,4,376480,1.0624734381640459e-05,white,Europe
Ukraine,2026-01-14,2,388202,5.151956970855379e-06,white,Europe
Ukraine,2026-01-15,0,382207,0.0,white,Europe
Ukraine,2026-01-16,0,356051,0.0,white,Europe
Ukraine,2026-01-17,0,245274,0.0,white,Europe
Ukraine,2026-01-18,2,231988,8.621135575978068e-06,white,Europe
Ukraine,2026-01-19,0,353104,0.0,white,Europe
Ukraine,2026-01-20,0,378869,0.0,white,Europe
Ukraine,2026-01-21,2,387367,5.1630624188431125e-06,white,Europe
Ukraine,2026-01-22,2,386964,5.168439441395065e-06,white,Europe
Ukraine,2026-01-23,7,362794,1.9294696163663126e-05,white,Europe
Ukraine,2026-01-24,0,246820,0.0,white,Europe
Ukraine,2026-01-25,1,234800,4.258943781942078e-06,white,Europe
Ukraine,2026-01-26,0,354828,0.0,white,Europe
Ukraine,2026-01-27,5,375514,1.3315082793184808e-05,white,Europe
Ukraine,2026-01-28,8,389459,2.0541315003633247e-05,white,Europe
Ukraine,2026-01-29,6,386111,1.5539572817143258e-05,white,Europe
Ukraine,2026-01-30,1,368787,2.7115923283629847e-06,white,Europe
Ukraine,2026-01-31,0,248098,0.0,white,Europe
Ukraine,2026-02-01,3,247588,1.2116903888718355e-05,white,Europe
Ukraine,2026-02-02,3,363239,8.259025049622975e-06,white,Europe
Ukraine,2026-02-03,1,387253,2.5822911636578673e-06,white,Europe
Ukraine,2026-02-04,8,394037,2.030266193276266e-05,white,Europe
Ukraine,2026-02-05,0,397990,0.0,white,Europe
Ukraine,2026-02-06,0,378651,0.0,white,Europe
Ukraine,2026-02-07,9,255185,3.526853067382487e-05,white,Europe
Ukraine,2026-02-08,2,250955,7.969556294953278e-06,white,Europe
Ukraine,2026-02-09,3,385055,7.791094778667982e-06,white,Europe
Ukraine,2026-02-10,2,411259,4.863115457655638e-06,white,Europe
Ukraine,2026-02-11,1,423933,2.3588633109477207e-06,white,Europe
Ukraine,2026-02-12,3,430935,6.961606738835323e-06,white,Europe
Ukraine,2026-02-13,4,406839,9.831899105051385e-06,white,Europe
Ukraine,2026-02-14,2,276822,7.224859295865213e-06,white,Europe
Ukraine,2026-02-15,1,261216,3.828249418106089e-06,white,Europe
Ukraine,2026-02-16,4,367923,1.0871840031745773e-05,white,Europe
Ukraine,2026-02-17,9,412089,2.1839942342552215e-05,white,Europe
Ukraine,2026-02-18,2,438640,4.559547692868868e-06,white,Europe
Ukraine,2026-02-19,1,442689,2.25892217787205e-06,white,Europe
Ukraine,2026-02-20,3,422290,7.104122759241279e-06,white,Europe
Ukraine,2026-02-21,5,288519,1.732988122099411e-05,white,Europe
Ukraine,2026-02-22,8,278526,2.8722632716514795e-05,white,Europe
Ukraine,2026-02-23,8,419715,1.9060552994293746e-05,white,Europe
Ukraine,2026-02-24,31,462052,6.709201561728982e-05,white,Europe
Ukraine,2026-02-25,3,482486,6.217796993073374e-06,white,Europe
Ukraine,2026-02-26,9,493764,1.8227331275670158e-05,white,Europe
Ukraine,2026-02-27,6,469542,1.277840959914129e-05,white,Europe
Ukraine,2026-02-28,1,338347,2.95554563805797e-06,white,Europe
Ukraine,2026-03-01,0,315202,0.0,white,Europe
Ukraine,2026-03-02,1,469472,2.1300524844932177e-06,white,Europe
Ukraine,2026-03-03,3,491025,6.1096685504811365e-06,white,Europe
Ukraine,2026-03-04,1,493296,2.0271804352761833e-06,white,Europe
Ukraine,2026-03-05,1,500445,1.998221582791316e-06,white,Europe
Ukraine,2026-03-06,2,480150,4.165364990107258e-06,white,Europe
Ukraine,2026-03-07,2,326892,6.118228650441124e-06,white,Europe
Ukraine,2026-03-08,0,315949,0.0,white,Europe
Ukraine,2026-03-09,0,473521,0.0,white,Europe
Ukraine,2026-03-10,2,503500,3.97219463753724e-06,white,Europe
Ukraine,2026-03-11,1,518788,1.9275696430912048e-06,white,Europe
Ukraine,2026-03-12,3,520954,5.758665832299973e-06,white,Europe
Ukraine,2026-03-13,3,492835,6.087230005985776e-06,white,Europe
Ukraine,2026-03-14,2,336559,5.942494480908251e-06,white,Europe
Ukraine,2026-03-15,1,330169,3.028751942187183e-06,white,Europe
Ukraine,2026-03-16,2,496653,4.026956446452553e-06,white,Europe
Ukraine,2026-03-17,2,522384,3.828601182272045e-06,white,Europe
Ukraine,2026-03-18,2,530954,3.7668046572772783e-06,white,Europe
Ukraine,2026-03-19,2,528525,3.784116172366492e-06,white,Europe
Ukraine,2026-03-20,1,479590,2.0851143685231133e-06,white,Europe
Ukraine,2026-03-21,4,325293,1.2296606444036607e-05,white,Europe
Ukraine,2026-03-22,0,308507,0.0,white,Europe
Ukraine,2026-03-23,2,478830,4.176847733015893e-06,white,Europe
Ukraine,2026-03-24,6,518555,1.1570614496051527e-05,white,Europe
Ukraine,2026-03-25,3,538022,5.575980164379895e-06,white,Europe
Ukraine,2026-03-26,4,541799,7.3828117069245235e-06,white,Europe
Ukraine,2026-03-27,2,506403,3.949423680349445e-06,white,Europe
Ukraine,2026-03-28,0,337706,0.0,white,Europe
Ukraine,2026-03-29,4,320715,1.2472132578769312e-05,white,Europe
Ukraine,2026-03-30,0,504232,0.0,white,Europe
Ukraine,2026-03-31,1,554774,1.8025358073738135e-06,white,Europe
Ukraine,2026-04-01,2,554490,3.6069180688560657e-06,white,Europe
Palestine,2025-10-01,6,413118,1.4523695409059882e-05,poc,Middle East
Palestine,2025-10-02,3,386885,7.754242216679376e-06,poc,Middle East
Palestine,2025-10-03,7,365871,1.9132426456319303e-05,poc,Middle East
Palestine,2025-10-04,5,258874,1.931441550715792e-05,poc,Middle East
Palestine,2025-10-05,11,245464,4.4813088681028584e-05,poc,Middle East
Palestine,2025-10-06,12,370927,3.235137911233208e-05,poc,Middle East
Palestine,2025-10-07,32,390339,8.198002249326867e-05,poc,Middle East
Palestine,2025-10-08,12,397708,3.0172890663501866e-05,poc,Middle East
Palestine,2025-10-09,14,401652,3.4856044536066044e-05,poc,Middle East
Palestine,2025-10-10,4,373577,1.0707297290786103e-05,poc,Middle East
Palestine,2025-10-11,2,253430,7.891725525786213e-06,poc,Middle East
Palestine,2025-10-12,13,244058,5.326602692802531e-05,poc,Middle East
Palestine,2025-10-13,9,365543,2.4620906432348588e-05,poc,Middle East
Palestine,2025-10-14,5,393657,1.2701412651115056e-05,poc,Middle East
Palestine,2025-10-15,1,404546,2.4719067794515335e-06,poc,Middle East
Palestine,2025-10-16,2,402508,4.968845339719956e-06,poc,Middle East
Palestine,2025-10-17,2,378636,5.282117918000401e-06,poc,Middle East
Palestine,2025-10-18,3,256444,1.169846048260049e-05,poc,Middle East
Palestine,2025-10-19,2,246205,8.123311874251132e-06,poc,Middle East
Palestine,2025-10-20,0,361188,0.0,poc,Middle East
Palestine,2025-10-21,1,390569,2.5603670542208933e-06,poc,Middle East
Palestine,2025-10-22,1,401753,2.4890915562547137e-06,poc,Middle East
Palestine,2025-10-23,0,396721,0.0,poc,Middle East
Palestine,2025-10-24,0,372896,0.0,poc,Middle East
Palestine,2025-10-25,2,254711,7.852036229295162e-06,poc,Middle East
Palestine,2025-10-26,1,250172,3.997249892074253e-06,poc,Middle East
Palestine,2025-10-27,1,371259,2.6935373957264336e-06,poc,Middle East
Palestine,2025-10-28,2,393666,5.080448908465552e-06,poc,Middle East
Palestine,2025-10-29,9,403255,2.2318384148987613e-05,poc,Middle East
Palestine,2025-10-30,1,393785,2.5394568101883007e-06,poc,Middle East
Palestine,2025-10-31,0,376118,0.0,poc,Middle East
Palestine,2025-11-01,0,265016,0.0,poc,Middle East
Palestine,2025-11-02,3,243359,1.2327466828841341e-05,poc,Middle East
Palestine,2025-11-03,0,366974,0.0,poc,Middle East
Palestine,2025-11-04,0,399751,0.0,poc,Middle East
Palestine,2025-11-05,1,415870,2.404597590593214e-06,poc,Middle East
Palestine,2025-11-06,1,407271,2.4553675562463323e-06,poc,Middle East
Palestine,2025-11-07,2,383130,5.220160258919949e-06,poc,Middle East
Palestine,2025-11-08,2,260562,7.675716336227078e-06,poc,Middle East
Palestine,2025-11-09,4,250208,1.5986699066376776e-05,poc,Middle East
Palestine,2025-11-10,1,374543,2.6699204096725876e-06,poc,Middle East
Palestine,2025-11-11,1,391223,2.5560869376289227e-06,poc,Middle East
Palestine,2025-11-12,1,409224,2.4436494438253867e-06,poc,Middle East
Palestine,2025-11-13,0,410496,0.0,poc,Middle East
Palestine,2025-11-14,1,386544,2.5870276087586406e-06,poc,Middle East
Palestine,2025-11-15,1,260461,3.8393463896706225e-06,poc,Middle East
Palestine,2025-11-16,2,246430,8.115894980318955e-06,poc,Middle East
Palestine,2025-11-17,2,386039,5.180823699159929e-06,poc,Middle East
Palestine,2025-11-18,2,392586,5.0944251705358825e-06,poc,Middle East
Palestine,2025-11-19,1,410027,2.438863782141176e-06,poc,Middle East
Palestine,2025-11-20,2,401224,4.984746675173968e-06,poc,Middle East
Palestine,2025-11-21,0,376856,0.0,poc,Middle East
Palestine,2025-11-22,2,260796,7.668829276522646e-06,poc,Middle East
Palestine,2025-11-23,0,247356,0.0,poc,Middle East
Palestine,2025-11-24,2,369225,5.416751303405783e-06,poc,Middle East
Palestine,2025-11-25,1,402507,2.484428842231315e-06,poc,Middle East
Palestine,2025-11-26,1,401650,2.4897298643097222e-06,poc,Middle East
Palestine,2025-11-27,0,371181,0.0,poc,Middle East
Palestine,2025-11-28,0,353056,0.0,poc,Middle East
Palestine,2025-11-29,5,252636,1.979132031856109e-05,poc,Middle East
Palestine,2025-11-30,2,247194,8.090811265645606e-06,poc,Middle East
Palestine,2025-12-01,0,379063,0.0,poc,Middle East
Palestine,2025-12-02,2,398109,5.023749777071104e-06,poc,Middle East
Palestine,2025-12-03,1,401740,2.489172101359088e-06,poc,Middle East
Palestine,2025-12-04,5,397658,1.2573618536531391e-05,poc,Middle East
Palestine,2025-12-05,0,373655,0.0,poc,Middle East
Palestine,2025-12-06,4,251495,1.59048887651842e-05,poc,Middle East
Palestine,2025-12-07,1,241620,4.138730237563115e-06,poc,Middle East
Palestine,2025-12-08,3,348412,8.610495620127894e-06,poc,Middle East
Palestine,2025-12-09,1,394955,2.531934017799496e-06,poc,Middle East
Palestine,2025-12-10,1,400280,2.4982512241431e-06,poc,Middle East
Palestine,2025-12-11,1,395303,2.529705061686858e-06,poc,Middle East
Palestine,2025-12-12,1,369615,2.705517903764728e-06,poc,Middle East
Palestine,2025-12-13,5,250769,1.9938668655216555e-05,poc,Middle East
Palestine,2025-12-14,1,245778,4.068712415269064e-06,poc,Middle East
Palestine,2025-12-15,1,373258,2.679112035107084e-06,poc,Middle East
Palestine,2025-12-16,1,387463,2.5808915948103432e-06,poc,Middle East
Palestine,2025-12-17,1,395680,2.5272947836635666e-06,poc,Middle East
Palestine,2025-12-18,1,388818,2.5718973915816654e-06,poc,Middle East
Palestine,2025-12-19,3,367756,8.157582745080977e-06,poc,Middle East
Palestine,2025-12-20,0,243532,0.0,poc,Middle East
Palestine,2025-12-21,1,232138,4.307782439755663e-06,poc,Middle East
Palestine,2025-12-22,2,347806,5.750332081677717e-06,poc,Middle East
Palestine,2025-12-23,0,352583,0.0,poc,Middle East
Palestine,2025-12-24,8,289086,2.7673425900942973e-05,poc,Middle East
Palestine,2025-12-25,1,223901,4.466259641538001e-06,poc,Middle East
Palestine,2025-12-26,0,265056,0.0,poc,Middle East
Palestine,2025-12-27,0,222671,0.0,poc,Middle East
Palestine,2025-12-28,1,224537,4.453608982038595e-06,poc,Middle East
Palestine,2025-12-29,0,322170,0.0,poc,Middle East
Palestine,2025-12-30,2,336075,5.951052592427285e-06,poc,Middle East
Palestine,2025-12-31,0,284556,0.0,poc,Middle East
Palestine,2026-01-01,0,271695,0.0,poc,Middle East
Palestine,2026-01-02,2,279147,7.164683840413832e-06,poc,Middle East
Palestine,2026-01-03,0,240605,0.0,poc,Middle East
Palestine,2026-01-04,0,233289,0.0,poc,Middle East
Palestine,2026-01-05,1,340670,2.935392021604485e-06,poc,Middle East
Palestine,2026-01-06,0,342779,0.0,poc,Middle East
Palestine,2026-01-07,0,365261,0.0,poc,Middle East
Palestine,2026-01-08,2,376270,5.315332075371409e-06,poc,Middle East
Palestine,2026-01-09,0,347047,0.0,poc,Middle East
Palestine,2026-01-10,0,240103,0.0,poc,Middle East
Palestine,2026-01-11,1,230427,4.339769211073355e-06,poc,Middle East
Palestine,2026-01-12,1,353799,2.826463613520671e-06,poc,Middle East
Palestine,2026-01-13,2,376480,5.312367190820229e-06,poc,Middle East
Palestine,2026-01-14,1,388202,2.5759784854276896e-06,poc,Middle East
Palestine,2026-01-15,3,382207,7.849149806256818e-06,poc,Middle East
Palestine,2026-01-16,0,356051,0.0,poc,Middle East
Palestine,2026-01-17,0,245274,0.0,poc,Middle East
Palestine,2026-01-18,1,231988,4.310567787989034e-06,poc,Middle East
Palestine,2026-01-19,0,353104,0.0,poc,Middle East
Palestine,2026-01-20,0,378869,0.0,poc,Middle East
Palestine,2026-01-21,4,387367,1.0326124837686225e-05,poc,Middle East
Palestine,2026-01-22,1,386964,2.5842197206975326e-06,poc,Middle East
Palestine,2026-01-23,1,362794,2.7563851662375895e-06,poc,Middle East
Palestine,2026-01-24,1,246820,4.051535531966616e-06,poc,Middle East
Palestine,2026-01-25,1,234800,4.258943781942078e-06,poc,Middle East
Palestine,2026-01-26,2,354828,5.636533757200672e-06,poc,Middle East
Palestine,2026-01-27,0,375514,0.0,poc,Middle East
Palestine,2026-01-28,0,389459,0.0,poc,Middle East
Palestine,2026-01-29,1,386111,2.5899288028572093e-06,poc,Middle East
Palestine,2026-01-30,2,368787,5.423184656725969e-06,poc,Middle East
Palestine,2026-01-31,1,248098,4.030665301614685e-06,poc,Middle East
Palestine,2026-02-01,0,247588,0.0,poc,Middle East
Palestine,2026-02-02,0,363239,0.0,poc,Middle East
Palestine,2026-02-03,0,387253,0.0,poc,Middle East
Palestine,2026-02-04,2,394037,5.075665483190665e-06,poc,Middle East
Palestine,2026-02-05,3,397990,7.537877836126536e-06,poc,Middle East
Palestine,2026-02-06,1,378651,2.6409543352585893e-06,poc,Middle East
Palestine,2026-02-07,0,255185,0.0,poc,Middle East
Palestine,2026-02-08,0,250955,0.0,poc,Middle East
Palestine,2026-02-09,0,385055,0.0,poc,Middle East
Palestine,2026-02-10,3,411259,7.2946731864834565e-06,poc,Middle East
Palestine,2026-02-11,1,423933,2.3588633109477207e-06,poc,Middle East
Palestine,2026-02-12,2,430935,4.6410711592235485e-06,poc,Middle East
Palestine,2026-02-13,0,406839,0.0,poc,Middle East
Palestine,2026-02-14,0,276822,0.0,poc,Middle East
Palestine,2026-02-15,1,261216,3.828249418106089e-06,poc,Middle East
Palestine,2026-02-16,0,367923,0.0,poc,Middle East
Palestine,2026-02-17,0,412089,0.0,poc,Middle East
Palestine,2026-02-18,0,438640,0.0,poc,Middle East
Palestine,2026-02-19,1,442689,2.25892217787205e-06,poc,Middle East
Palestine,2026-02-20,1,422290,2.368040919747093e-06,poc,Middle East
Palestine,2026-02-21,0,288519,0.0,poc,Middle East
Palestine,2026-02-22,0,278526,0.0,poc,Middle East
Palestine,2026-02-23,0,419715,0.0,poc,Middle East
Palestine,2026-02-24,0,462052,0.0,poc,Middle East
Palestine,2026-02-25,0,482486,0.0,poc,Middle East
Palestine,2026-02-26,1,493764,2.0252590306300178e-06,poc,Middle East
Palestine,2026-02-27,1,469542,2.1297349331902153e-06,poc,Middle East
Palestine,2026-02-28,1,338347,2.95554563805797e-06,poc,Middle East
Palestine,2026-03-01,0,315202,0.0,poc,Middle East
Palestine,2026-03-02,1,469472,2.1300524844932177e-06,poc,Middle East
Palestine,2026-03-03,0,491025,0.0,poc,Middle East
Palestine,2026-03-04,0,493296,0.0,poc,Middle East
Palestine,2026-03-05,0,500445,0.0,poc,Middle East
Palestine,2026-03-06,0,480150,0.0,poc,Middle East
Palestine,2026-03-07,0,326892,0.0,poc,Middle East
Palestine,2026-03-08,1,315949,3.165067779926507e-06,poc,Middle East
Palestine,2026-03-09,1,473521,2.1118387568872342e-06,poc,Middle East
Palestine,2026-03-10,0,503500,0.0,poc,Middle East
Palestine,2026-03-11,0,518788,0.0,poc,Middle East
Palestine,2026-03-12,2,520954,3.839110554866649e-06,poc,Middle East
Palestine,2026-03-13,3,492835,6.087230005985776e-06,poc,Middle East
Palestine,2026-03-14,0,336559,0.0,poc,Middle East
Palestine,2026-03-15,4,330169,1.2115007768748732e-05,poc,Middle East
Palestine,2026-03-16,2,496653,4.026956446452553e-06,poc,Middle East
Palestine,2026-03-17,1,522384,1.9143005911360226e-06,poc,Middle East
Palestine,2026-03-18,0,530954,0.0,poc,Middle East
Palestine,2026-03-19,0,528525,0.0,poc,Middle East
Palestine,2026-03-20,1,479590,2.0851143685231133e-06,poc,Middle East
Palestine,2026-03-21,0,325293,0.0,poc,Middle East
Palestine,2026-03-22,0,308507,0.0,poc,Middle East
Palestine,2026-03-23,1,478830,2.0884238665079463e-06,poc,Middle East
Palestine,2026-03-24,0,518555,0.0,poc,Middle East
Palestine,2026-03-25,0,538022,0.0,poc,Middle East
Palestine,2026-03-26,0,541799,0.0,poc,Middle East
Palestine,2026-03-27,1,506403,1.9747118401747227e-06,poc,Middle East
Palestine,2026-03-28,0,337706,0.0,poc,Middle East
Palestine,2026-03-29,0,320715,0.0,poc,Middle East
Palestine,2026-03-30,0,504232,0.0,poc,Middle East
Palestine,2026-03-31,2,554774,3.605071614747627e-06,poc,Middle East
Palestine,2026-04-01,0,554490,0.0,poc,Middle East
Congo (DRC),2025-10-01,0,413118,0.0,poc,Africa
Congo (DRC),2025-10-02,0,386885,0.0,poc,Africa
Congo (DRC),2025-10-03,0,365871,0.0,poc,Africa
Congo (DRC),2025-10-04,0,258874,0.0,poc,Africa
Congo (DRC),2025-10-05,0,245464,0.0,poc,Africa
Congo (DRC),2025-10-06,0,370927,0.0,poc,Africa
Congo (DRC),2025-10-07,0,390339,0.0,poc,Africa
Congo (DRC),2025-10-08,0,397708,0.0,poc,Africa
Congo (DRC),2025-10-09,0,401652,0.0,poc,Africa
Congo (DRC),2025-10-10,1,373577,2.6768243226965256e-06,poc,Africa
Congo (DRC),2025-10-11,0,253430,0.0,poc,Africa
Congo (DRC),2025-10-12,0,244058,0.0,poc,Africa
Congo (DRC),2025-10-13,0,365543,0.0,poc,Africa
Congo (DRC),2025-10-14,0,393657,0.0,poc,Africa
Congo (DRC),2025-10-15,0,404546,0.0,poc,Africa
Congo (DRC),2025-10-16,0,402508,0.0,poc,Africa
Congo (DRC),2025-10-17,0,378636,0.0,poc,Africa
Congo (DRC),2025-10-18,0,256444,0.0,poc,Africa
Congo (DRC),2025-10-19,0,246205,0.0,poc,Africa
Congo (DRC),2025-10-20,0,361188,0.0,poc,Africa
Congo (DRC),2025-10-21,0,390569,0.0,poc,Africa
Congo (DRC),2025-10-22,0,401753,0.0,poc,Africa
Congo (DRC),2025-10-23,0,396721,0.0,poc,Africa
Congo (DRC),2025-10-24,0,372896,0.0,poc,Africa
Congo (DRC),2025-10-25,0,254711,0.0,poc,Africa
Congo (DRC),2025-10-26,0,250172,0.0,poc,Africa
Congo (DRC),2025-10-27,0,371259,0.0,poc,Africa
Congo (DRC),2025-10-28,0,393666,0.0,poc,Africa
Congo (DRC),2025-10-29,0,403255,0.0,poc,Africa
Congo (DRC),2025-10-30,0,393785,0.0,poc,Africa
Congo (DRC),2025-10-31,0,376118,0.0,poc,Africa
Congo (DRC),2025-11-01,0,265016,0.0,poc,Africa
Congo (DRC),2025-11-02,0,243359,0.0,poc,Africa
Congo (DRC),2025-11-03,0,366974,0.0,poc,Africa
Congo (DRC),2025-11-04,0,399751,0.0,poc,Africa
Congo (DRC),2025-11-05,0,415870,0.0,poc,Africa
Congo (DRC),2025-11-06,0,407271,0.0,poc,Africa
Congo (DRC),2025-11-07,0,383130,0.0,poc,Africa
Congo (DRC),2025-11-08,0,260562,0.0,poc,Africa
Congo (DRC),2025-11-09,0,250208,0.0,poc,Africa
Congo (DRC),2025-11-10,0,374543,0.0,poc,Africa
Congo (DRC),2025-11-11,0,391223,0.0,poc,Africa
Congo (DRC),2025-11-12,0,409224,0.0,poc,Africa
Congo (DRC),2025-11-13,0,410496,0.0,poc,Africa
Congo (DRC),2025-11-14,0,386544,0.0,poc,Africa
Congo (DRC),2025-11-15,3,260461,1.1518039169011868e-05,poc,Africa
Congo (DRC),2025-11-16,3,246430,1.2173842470478432e-05,poc,Africa
Congo (DRC),2025-11-17,1,386039,2.5904118495799646e-06,poc,Africa
Congo (DRC),2025-11-18,0,392586,0.0,poc,Africa
Congo (DRC),2025-11-19,1,410027,2.438863782141176e-06,poc,Africa
Congo (DRC),2025-11-20,0,401224,0.0,poc,Africa
Congo (DRC),2025-11-21,1,376856,2.6535334451355424e-06,poc,Africa
Congo (DRC),2025-11-22,1,260796,3.834414638261323e-06,poc,Africa
Congo (DRC),2025-11-23,0,247356,0.0,poc,Africa
Congo (DRC),2025-11-24,0,369225,0.0,poc,Africa
Congo (DRC),2025-11-25,0,402507,0.0,poc,Africa
Congo (DRC),2025-11-26,1,401650,2.4897298643097222e-06,poc,Africa
Congo (DRC),2025-11-27,0,371181,0.0,poc,Africa
Congo (DRC),2025-11-28,0,353056,0.0,poc,Africa
Congo (DRC),2025-11-29,0,252636,0.0,poc,Africa
Congo (DRC),2025-11-30,0,247194,0.0,poc,Africa
Congo (DRC),2025-12-01,0,379063,0.0,poc,Africa
Congo (DRC),2025-12-02,2,398109,5.023749777071104e-06,poc,Africa
Congo (DRC),2025-12-03,0,401740,0.0,poc,Africa
Congo (DRC),2025-12-04,1,397658,2.514723707306278e-06,poc,Africa
Congo (DRC),2025-12-05,0,373655,0.0,poc,Africa
Congo (DRC),2025-12-06,0,251495,0.0,poc,Africa
Congo (DRC),2025-12-07,0,241620,0.0,poc,Africa
Congo (DRC),2025-12-08,0,348412,0.0,poc,Africa
Congo (DRC),2025-12-09,0,394955,0.0,poc,Africa
Congo (DRC),2025-12-10,0,400280,0.0,poc,Africa
Congo (DRC),2025-12-11,1,395303,2.529705061686858e-06,poc,Africa
Congo (DRC),2025-12-12,1,369615,2.705517903764728e-06,poc,Africa
Congo (DRC),2025-12-13,0,250769,0.0,poc,Africa
Congo (DRC),2025-12-14,0,245778,0.0,poc,Africa
Congo (DRC),2025-12-15,2,373258,5.358224070214168e-06,poc,Africa
Congo (DRC),2025-12-16,2,387463,5.1617831896206864e-06,poc,Africa
Congo (DRC),2025-12-17,0,395680,0.0,poc,Africa
Congo (DRC),2025-12-18,1,388818,2.5718973915816654e-06,poc,Africa
Congo (DRC),2025-12-19,1,367756,2.7191942483603257e-06,poc,Africa
Congo (DRC),2025-12-20,0,243532,0.0,poc,Africa
Congo (DRC),2025-12-21,0,232138,0.0,poc,Africa
Congo (DRC),2025-12-22,0,347806,0.0,poc,Africa
Congo (DRC),2025-12-23,1,352583,2.83621161542105e-06,poc,Africa
Congo (DRC),2025-12-24,0,289086,0.0,poc,Africa
Congo (DRC),2025-12-25,0,223901,0.0,poc,Africa
Congo (DRC),2025-12-26,0,265056,0.0,poc,Africa
Congo (DRC),2025-12-27,0,222671,0.0,poc,Africa
Congo (DRC),2025-12-28,0,224537,0.0,poc,Africa
Congo (DRC),2025-12-29,0,322170,0.0,poc,Africa
Congo (DRC),2025-12-30,0,336075,0.0,poc,Africa
Congo (DRC),2025-12-31,0,284556,0.0,poc,Africa
Congo (DRC),2026-01-01,0,271695,0.0,poc,Africa
Congo (DRC),2026-01-02,0,279147,0.0,poc,Africa
Congo (DRC),2026-01-03,0,240605,0.0,poc,Africa
Congo (DRC),2026-01-04,0,233289,0.0,poc,Africa
Congo (DRC),2026-01-05,0,340670,0.0,poc,Africa
Congo (DRC),2026-01-06,0,342779,0.0,poc,Africa
Congo (DRC),2026-01-07,0,365261,0.0,poc,Africa
Congo (DRC),2026-01-08,2,376270,5.315332075371409e-06,poc,Africa
Congo (DRC),2026-01-09,0,347047,0.0,poc,Africa
Congo (DRC),2026-01-10,0,240103,0.0,poc,Africa
Congo (DRC),2026-01-11,0,230427,0.0,poc,Africa
Congo (DRC),2026-01-12,0,353799,0.0,poc,Africa
Congo (DRC),2026-01-13,0,376480,0.0,poc,Africa
Congo (DRC),2026-01-14,0,388202,0.0,poc,Africa
Congo (DRC),2026-01-15,0,382207,0.0,poc,Africa
Congo (DRC),2026-01-16,0,356051,0.0,poc,Africa
Congo (DRC),2026-01-17,0,245274,0.0,poc,Africa
Congo (DRC),2026-01-18,0,231988,0.0,poc,Africa
Congo (DRC),2026-01-19,1,353104,2.832026824958086e-06,poc,Africa
Congo (DRC),2026-01-20,0,378869,0.0,poc,Africa
Congo (DRC),2026-01-21,0,387367,0.0,poc,Africa
Congo (DRC),2026-01-22,0,386964,0.0,poc,Africa
Congo (DRC),2026-01-23,0,362794,0.0,poc,Africa
Congo (DRC),2026-01-24,0,246820,0.0,poc,Africa
Congo (DRC),2026-01-25,2,234800,8.517887563884156e-06,poc,Africa
Congo (DRC),2026-01-26,0,354828,0.0,poc,Africa
Congo (DRC),2026-01-27,0,375514,0.0,poc,Africa
Congo (DRC),2026-01-28,1,389459,2.567664375454156e-06,poc,Africa
Congo (DRC),2026-01-29,0,386111,0.0,poc,Africa
Congo (DRC),2026-01-30,1,368787,2.7115923283629847e-06,poc,Africa
Congo (DRC),2026-01-31,2,248098,8.06133060322937e-06,poc,Africa
Congo (DRC),2026-02-01,0,247588,0.0,poc,Africa
Congo (DRC),2026-02-02,2,363239,5.50601669974865e-06,poc,Africa
Congo (DRC),2026-02-03,3,387253,7.746873490973601e-06,poc,Africa
Congo (DRC),2026-02-04,0,394037,0.0,poc,Africa
Congo (DRC),2026-02-05,0,397990,0.0,poc,Africa
Congo (DRC),2026-02-06,0,378651,0.0,poc,Africa
Congo (DRC),2026-02-07,0,255185,0.0,poc,Africa
Congo (DRC),2026-02-08,0,250955,0.0,poc,Africa
Congo (DRC),2026-02-09,2,385055,5.194063185778655e-06,poc,Africa
Congo (DRC),2026-02-10,0,411259,0.0,poc,Africa
Congo (DRC),2026-02-11,1,423933,2.3588633109477207e-06,poc,Africa
Congo (DRC),2026-02-12,0,430935,0.0,poc,Africa
Congo (DRC),2026-02-13,0,406839,0.0,poc,Africa
Congo (DRC),2026-02-14,0,276822,0.0,poc,Africa
Congo (DRC),2026-02-15,0,261216,0.0,poc,Africa
Congo (DRC),2026-02-16,0,367923,0.0,poc,Africa
Congo (DRC),2026-02-17,0,412089,0.0,poc,Africa
Congo (DRC),2026-02-18,0,438640,0.0,poc,Africa
Congo (DRC),2026-02-19,0,442689,0.0,poc,Africa
Congo (DRC),2026-02-20,0,422290,0.0,poc,Africa
Congo (DRC),2026-02-21,0,288519,0.0,poc,Africa
Congo (DRC),2026-02-22,0,278526,0.0,poc,Africa
Congo (DRC),2026-02-23,1,419715,2.382569124286718e-06,poc,Africa
Congo (DRC),2026-02-24,2,462052,4.328517136599344e-06,poc,Africa
Congo (DRC),2026-02-25,1,482486,2.0725989976911246e-06,poc,Africa
Congo (DRC),2026-02-26,1,493764,2.0252590306300178e-06,poc,Africa
Congo (DRC),2026-02-27,1,469542,2.1297349331902153e-06,poc,Africa
Congo (DRC),2026-02-28,0,338347,0.0,poc,Africa
Congo (DRC),2026-03-01,0,315202,0.0,poc,Africa
Congo (DRC),2026-03-02,0,469472,0.0,poc,Africa
Congo (DRC),2026-03-03,0,491025,0.0,poc,Africa
Congo (DRC),2026-03-04,0,493296,0.0,poc,Africa
Congo (DRC),2026-03-05,2,500445,3.996443165582632e-06,poc,Africa
Congo (DRC),2026-03-06,0,480150,0.0,poc,Africa
Congo (DRC),2026-03-07,0,326892,0.0,poc,Africa
Congo (DRC),2026-03-08,0,315949,0.0,poc,Africa
Congo (DRC),2026-03-09,0,473521,0.0,poc,Africa
Congo (DRC),2026-03-10,0,503500,0.0,poc,Africa
Congo (DRC),2026-03-11,2,518788,3.8551392861824095e-06,poc,Africa
Congo (DRC),2026-03-12,0,520954,0.0,poc,Africa
Congo (DRC),2026-03-13,0,492835,0.0,poc,Africa
Congo (DRC),2026-03-14,0,336559,0.0,poc,Africa
Congo (DRC),2026-03-15,0,330169,0.0,poc,Africa
Congo (DRC),2026-03-16,0,496653,0.0,poc,Africa
Congo (DRC),2026-03-17,0,522384,0.0,poc,Africa
Congo (DRC),2026-03-18,0,530954,0.0,poc,Africa
Congo (DRC),2026-03-19,0,528525,0.0,poc,Africa
Congo (DRC),2026-03-20,0,479590,0.0,poc,Africa
Congo (DRC),2026-03-21,0,325293,0.0,poc,Africa
Congo (DRC),2026-03-22,0,308507,0.0,poc,Africa
Congo (DRC),2026-03-23,0,478830,0.0,poc,Africa
Congo (DRC),2026-03-24,0,518555,0.0,poc,Africa
Congo (DRC),2026-03-25,0,538022,0.0,poc,Africa
Congo (DRC),2026-03-26,1,541799,1.8457029267311309e-06,poc,Africa
Congo (DRC),2026-03-27,0,506403,0.0,poc,Africa
Congo (DRC),2026-03-28,0,337706,0.0,poc,Africa
Congo (DRC),2026-03-29,0,320715,0.0,poc,Africa
Congo (DRC),2026-03-30,0,504232,0.0,poc,Africa
Congo (DRC),2026-03-31,0,554774,0.0,poc,Africa
Congo (DRC),2026-04-01,2,554490,3.6069180688560657e-06,poc,Africa
Sudan,2025-10-01,1,413118,2.42061590150998e-06,poc,Africa
Sudan,2025-10-02,0,386885,0.0,poc,Africa
Sudan,2025-10-03,0,365871,0.0,poc,Africa
Sudan,2025-10-04,0,258874,0.0,poc,Africa
Sudan,2025-10-05,0,245464,0.0,poc,Africa
Sudan,2025-10-06,2,370927,5.391896518722013e-06,poc,Africa
Sudan,2025-10-07,2,390339,5.123751405829292e-06,poc,Africa
Sudan,2025-10-08,1,397708,2.5144075552918223e-06,poc,Africa
Sudan,2025-10-09,1,401652,2.4897174668618604e-06,poc,Africa
Sudan,2025-10-10,2,373577,5.353648645393051e-06,poc,Africa
Sudan,2025-10-11,1,253430,3.9458627628931065e-06,poc,Africa
Sudan,2025-10-12,0,244058,0.0,poc,Africa
Sudan,2025-10-13,0,365543,0.0,poc,Africa
Sudan,2025-10-14,0,393657,0.0,poc,Africa
Sudan,2025-10-15,3,404546,7.4157203383546e-06,poc,Africa
Sudan,2025-10-16,0,402508,0.0,poc,Africa
Sudan,2025-10-17,0,378636,0.0,poc,Africa
Sudan,2025-10-18,0,256444,0.0,poc,Africa
Sudan,2025-10-19,0,246205,0.0,poc,Africa
Sudan,2025-10-20,0,361188,0.0,poc,Africa
Sudan,2025-10-21,1,390569,2.5603670542208933e-06,poc,Africa
Sudan,2025-10-22,0,401753,0.0,poc,Africa
Sudan,2025-10-23,0,396721,0.0,poc,Africa
Sudan,2025-10-24,0,372896,0.0,poc,Africa
Sudan,2025-10-25,1,254711,3.926018114647581e-06,poc,Africa
Sudan,2025-10-26,0,250172,0.0,poc,Africa
Sudan,2025-10-27,2,371259,5.387074791452867e-06,poc,Africa
Sudan,2025-10-28,3,393666,7.620673362698328e-06,poc,Africa
Sudan,2025-10-29,9,403255,2.2318384148987613e-05,poc,Africa
Sudan,2025-10-30,5,393785,1.2697284050941504e-05,poc,Africa
Sudan,2025-10-31,2,376118,5.317480152505331e-06,poc,Africa
Sudan,2025-11-01,3,265016,1.1320071240981677e-05,poc,Africa
Sudan,2025-11-02,1,243359,4.10915560961378e-06,poc,Africa
Sudan,2025-11-03,3,366974,8.174966073890793e-06,poc,Africa
Sudan,2025-11-04,7,399751,1.75109005355834e-05,poc,Africa
Sudan,2025-11-05,1,415870,2.404597590593214e-06,poc,Africa
Sudan,2025-11-06,3,407271,7.366102668738997e-06,poc,Africa
Sudan,2025-11-07,1,383130,2.6100801294599745e-06,poc,Africa
Sudan,2025-11-08,1,260562,3.837858168113539e-06,poc,Africa
Sudan,2025-11-09,1,250208,3.996674766594194e-06,poc,Africa
Sudan,2025-11-10,0,374543,0.0,poc,Africa
Sudan,2025-11-11,2,391223,5.1121738752578454e-06,poc,Africa
Sudan,2025-11-12,0,409224,0.0,poc,Africa
Sudan,2025-11-13,2,410496,4.87215466167758e-06,poc,Africa
Sudan,2025-11-14,3,386544,7.761082826275922e-06,poc,Africa
Sudan,2025-11-15,0,260461,0.0,poc,Africa
Sudan,2025-11-16,0,246430,0.0,poc,Africa
Sudan,2025-11-17,0,386039,0.0,poc,Africa
Sudan,2025-11-18,1,392586,2.5472125852679413e-06,poc,Africa
Sudan,2025-11-19,5,410027,1.219431891070588e-05,poc,Africa
Sudan,2025-11-20,2,401224,4.984746675173968e-06,poc,Africa
Sudan,2025-11-21,0,376856,0.0,poc,Africa
Sudan,2025-11-22,0,260796,0.0,poc,Africa
Sudan,2025-11-23,0,247356,0.0,poc,Africa
Sudan,2025-11-24,0,369225,0.0,poc,Africa
Sudan,2025-11-25,2,402507,4.96885768446263e-06,poc,Africa
Sudan,2025-11-26,0,401650,0.0,poc,Africa
Sudan,2025-11-27,0,371181,0.0,poc,Africa
Sudan,2025-11-28,2,353056,5.664823710686123e-06,poc,Africa
Sudan,2025-11-29,0,252636,0.0,poc,Africa
Sudan,2025-11-30,2,247194,8.090811265645606e-06,poc,Africa
Sudan,2025-12-01,0,379063,0.0,poc,Africa
Sudan,2025-12-02,0,398109,0.0,poc,Africa
Sudan,2025-12-03,1,401740,2.489172101359088e-06,poc,Africa
Sudan,2025-12-04,0,397658,0.0,poc,Africa
Sudan,2025-12-05,1,373655,2.676265539066786e-06,poc,Africa
Sudan,2025-12-06,1,251495,3.97622219129605e-06,poc,Africa
Sudan,2025-12-07,1,241620,4.138730237563115e-06,poc,Africa
Sudan,2025-12-08,4,348412,1.1480660826837192e-05,poc,Africa
Sudan,2025-12-09,4,394955,1.0127736071197984e-05,poc,Africa
Sudan,2025-12-10,1,400280,2.4982512241431e-06,poc,Africa
Sudan,2025-12-11,1,395303,2.529705061686858e-06,poc,Africa
Sudan,2025-12-12,3,369615,8.116553711294184e-06,poc,Africa
Sudan,2025-12-13,5,250769,1.9938668655216555e-05,poc,Africa
Sudan,2025-12-14,0,245778,0.0,poc,Africa
Sudan,2025-12-15,0,373258,0.0,poc,Africa
Sudan,2025-12-16,5,387463,1.2904457974051717e-05,poc,Africa
Sudan,2025-12-17,2,395680,5.054589567327133e-06,poc,Africa
Sudan,2025-12-18,0,388818,0.0,poc,Africa
Sudan,2025-12-19,0,367756,0.0,poc,Africa
Sudan,2025-12-20,0,243532,0.0,poc,Africa
Sudan,2025-12-21,2,232138,8.615564879511325e-06,poc,Africa
Sudan,2025-12-22,0,347806,0.0,poc,Africa
Sudan,2025-12-23,1,352583,2.83621161542105e-06,poc,Africa
Sudan,2025-12-24,1,289086,3.4591782376178716e-06,poc,Africa
Sudan,2025-12-25,0,223901,0.0,poc,Africa
Sudan,2025-12-26,1,265056,3.77278763732947e-06,poc,Africa
Sudan,2025-12-27,0,222671,0.0,poc,Africa
Sudan,2025-12-28,0,224537,0.0,poc,Africa
Sudan,2025-12-29,0,322170,0.0,poc,Africa
Sudan,2025-12-30,0,336075,0.0,poc,Africa
Sudan,2025-12-31,1,284556,3.514246756350244e-06,poc,Africa
Sudan,2026-01-01,0,271695,0.0,poc,Africa
Sudan,2026-01-02,1,279147,3.582341920206916e-06,poc,Africa
Sudan,2026-01-03,0,240605,0.0,poc,Africa
Sudan,2026-01-04,0,233289,0.0,poc,Africa
Sudan,2026-01-05,0,340670,0.0,poc,Africa
Sudan,2026-01-06,1,342779,2.9173315751548375e-06,poc,Africa
Sudan,2026-01-07,0,365261,0.0,poc,Africa
Sudan,2026-01-08,0,376270,0.0,poc,Africa
Sudan,2026-01-09,0,347047,0.0,poc,Africa
Sudan,2026-01-10,0,240103,0.0,poc,Africa
Sudan,2026-01-11,0,230427,0.0,poc,Africa
Sudan,2026-01-12,0,353799,0.0,poc,Africa
Sudan,2026-01-13,0,376480,0.0,poc,Africa
Sudan,2026-01-14,1,388202,2.5759784854276896e-06,poc,Africa
Sudan,2026-01-15,0,382207,0.0,poc,Africa
Sudan,2026-01-16,0,356051,0.0,poc,Africa
Sudan,2026-01-17,0,245274,0.0,poc,Africa
Sudan,2026-01-18,0,231988,0.0,poc,Africa
Sudan,2026-01-19,1,353104,2.832026824958086e-06,poc,Africa
Sudan,2026-01-20,0,378869,0.0,poc,Africa
Sudan,2026-01-21,1,387367,2.5815312094215562e-06,poc,Africa
Sudan,2026-01-22,0,386964,0.0,poc,Africa
Sudan,2026-01-23,2,362794,5.512770332475179e-06,poc,Africa
Sudan,2026-01-24,1,246820,4.051535531966616e-06,poc,Africa
Sudan,2026-01-25,0,234800,0.0,poc,Africa
Sudan,2026-01-26,0,354828,0.0,poc,Africa
Sudan,2026-01-27,0,375514,0.0,poc,Africa
Sudan,2026-01-28,0,389459,0.0,poc,Africa
Sudan,2026-01-29,0,386111,0.0,poc,Africa
Sudan,2026-01-30,0,368787,0.0,poc,Africa
Sudan,2026-01-31,0,248098,0.0,poc,Africa
Sudan,2026-02-01,0,247588,0.0,poc,Africa
Sudan,2026-02-02,0,363239,0.0,poc,Africa
Sudan,2026-02-03,1,387253,2.5822911636578673e-06,poc,Africa
Sudan,2026-02-04,1,394037,2.5378327415953326e-06,poc,Africa
Sudan,2026-02-05,1,397990,2.512625945375512e-06,poc,Africa
Sudan,2026-02-06,1,378651,2.6409543352585893e-06,poc,Africa
Sudan,2026-02-07,2,255185,7.837451260849971e-06,poc,Africa
Sudan,2026-02-08,0,250955,0.0,poc,Africa
Sudan,2026-02-09,0,385055,0.0,poc,Africa
Sudan,2026-02-10,1,411259,2.431557728827819e-06,poc,Africa
Sudan,2026-02-11,0,423933,0.0,poc,Africa
Sudan,2026-02-12,0,430935,0.0,poc,Africa
Sudan,2026-02-13,1,406839,2.457974776262846e-06,poc,Africa
Sudan,2026-02-14,0,276822,0.0,poc,Africa
Sudan,2026-02-15,0,261216,0.0,poc,Africa
Sudan,2026-02-16,0,367923,0.0,poc,Africa
Sudan,2026-02-17,0,412089,0.0,poc,Africa
Sudan,2026-02-18,0,438640,0.0,poc,Africa
Sudan,2026-02-19,1,442689,2.25892217787205e-06,poc,Africa
Sudan,2026-02-20,0,422290,0.0,poc,Africa
Sudan,2026-02-21,0,288519,0.0,poc,Africa
Sudan,2026-02-22,1,278526,3.5903290895643494e-06,poc,Africa
Sudan,2026-02-23,2,419715,4.765138248573436e-06,poc,Africa
Sudan,2026-02-24,0,462052,0.0,poc,Africa
Sudan,2026-02-25,2,482486,4.145197995382249e-06,poc,Africa
Sudan,2026-02-26,1,493764,2.0252590306300178e-06,poc,Africa
Sudan,2026-02-27,0,469542,0.0,poc,Africa
Sudan,2026-02-28,0,338347,0.0,poc,Africa
Sudan,2026-03-01,0,315202,0.0,poc,Africa
Sudan,2026-03-02,5,469472,1.065026242246609e-05,poc,Africa
Sudan,2026-03-03,1,491025,2.0365561834937123e-06,poc,Africa
Sudan,2026-03-04,0,493296,0.0,poc,Africa
Sudan,2026-03-05,0,500445,0.0,poc,Africa
Sudan,2026-03-06,2,480150,4.165364990107258e-06,poc,Africa
Sudan,2026-03-07,0,326892,0.0,poc,Africa
Sudan,2026-03-08,1,315949,3.165067779926507e-06,poc,Africa
Sudan,2026-03-09,0,473521,0.0,poc,Africa
Sudan,2026-03-10,0,503500,0.0,poc,Africa
Sudan,2026-03-11,0,518788,0.0,poc,Africa
Sudan,2026-03-12,0,520954,0.0,poc,Africa
Sudan,2026-03-13,0,492835,0.0,poc,Africa
Sudan,2026-03-14,0,336559,0.0,poc,Africa
Sudan,2026-03-15,0,330169,0.0,poc,Africa
Sudan,2026-03-16,0,496653,0.0,poc,Africa
Sudan,2026-03-17,1,522384,1.9143005911360226e-06,poc,Africa
Sudan,2026-03-18,0,530954,0.0,poc,Africa
Sudan,2026-03-19,1,528525,1.892058086183246e-06,poc,Africa
Sudan,2026-03-20,0,479590,0.0,poc,Africa
Sudan,2026-03-21,0,325293,0.0,poc,Africa
Sudan,2026-03-22,5,308507,1.6207087683585787e-05,poc,Africa
Sudan,2026-03-23,0,478830,0.0,poc,Africa
Sudan,2026-03-24,0,518555,0.0,poc,Africa
Sudan,2026-03-25,0,538022,0.0,poc,Africa
Sudan,2026-03-26,2,541799,3.6914058534622618e-06,poc,Africa
Sudan,2026-03-27,0,506403,0.0,poc,Africa
Sudan,2026-03-28,0,337706,0.0,poc,Africa
Sudan,2026-03-29,1,320715,3.118033144692328e-06,poc,Africa
Sudan,2026-03-30,0,504232,0.0,poc,Africa
Sudan,2026-03-31,4,554774,7.210143229495254e-06,poc,Africa
Sudan,2026-04-01,0,554490,0.0,poc,Africa
Yemen,2025-10-01,0,413118,0.0,poc,Middle East
Yemen,2025-10-02,0,386885,0.0,poc,Middle East
Yemen,2025-10-03,0,365871,0.0,poc,Middle East
Yemen,2025-10-04,0,258874,0.0,poc,Middle East
Yemen,2025-10-05,0,245464,0.0,poc,Middle East
Yemen,2025-10-06,0,370927,0.0,poc,Middle East
Yemen,2025-10-07,0,390339,0.0,poc,Middle East
Yemen,2025-10-08,1,397708,2.5144075552918223e-06,poc,Middle East
Yemen,2025-10-09,0,401652,0.0,poc,Middle East
Yemen,2025-10-10,0,373577,0.0,poc,Middle East
Yemen,2025-10-11,0,253430,0.0,poc,Middle East
Yemen,2025-10-12,0,244058,0.0,poc,Middle East
Yemen,2025-10-13,0,365543,0.0,poc,Middle East
Yemen,2025-10-14,0,393657,0.0,poc,Middle East
Yemen,2025-10-15,0,404546,0.0,poc,Middle East
Yemen,2025-10-16,2,402508,4.968845339719956e-06,poc,Middle East
Yemen,2025-10-17,0,378636,0.0,poc,Middle East
Yemen,2025-10-18,0,256444,0.0,poc,Middle East
Yemen,2025-10-19,1,246205,4.061655937125566e-06,poc,Middle East
Yemen,2025-10-20,0,361188,0.0,poc,Middle East
Yemen,2025-10-21,0,390569,0.0,poc,Middle East
Yemen,2025-10-22,0,401753,0.0,poc,Middle East
Yemen,2025-10-23,0,396721,0.0,poc,Middle East
Yemen,2025-10-24,1,372896,2.6817128636402644e-06,poc,Middle East
Yemen,2025-10-25,0,254711,0.0,poc,Middle East
Yemen,2025-10-26,0,250172,0.0,poc,Middle East
Yemen,2025-10-27,0,371259,0.0,poc,Middle East
Yemen,2025-10-28,0,393666,0.0,poc,Middle East
Yemen,2025-10-29,3,403255,7.4394613829958714e-06,poc,Middle East
Yemen,2025-10-30,0,393785,0.0,poc,Middle East
Yemen,2025-10-31,0,376118,0.0,poc,Middle East
Yemen,2025-11-01,0,265016,0.0,poc,Middle East
Yemen,2025-11-02,0,243359,0.0,poc,Middle East
Yemen,2025-11-03,0,366974,0.0,poc,Middle East
Yemen,2025-11-04,0,399751,0.0,poc,Middle East
Yemen,2025-11-05,0,415870,0.0,poc,Middle East
Yemen,2025-11-06,0,407271,0.0,poc,Middle East
Yemen,2025-11-07,0,383130,0.0,poc,Middle East
Yemen,2025-11-08,0,260562,0.0,poc,Middle East
Yemen,2025-11-09,0,250208,0.0,poc,Middle East
Yemen,2025-11-10,0,374543,0.0,poc,Middle East
Yemen,2025-11-11,0,391223,0.0,poc,Middle East
Yemen,2025-11-12,0,409224,0.0,poc,Middle East
Yemen,2025-11-13,0,410496,0.0,poc,Middle East
Yemen,2025-11-14,0,386544,0.0,poc,Middle East
Yemen,2025-11-15,0,260461,0.0,poc,Middle East
Yemen,2025-11-16,0,246430,0.0,poc,Middle East
Yemen,2025-11-17,0,386039,0.0,poc,Middle East
Yemen,2025-11-18,0,392586,0.0,poc,Middle East
Yemen,2025-11-19,0,410027,0.0,poc,Middle East
Yemen,2025-11-20,0,401224,0.0,poc,Middle East
Yemen,2025-11-21,0,376856,0.0,poc,Middle East
Yemen,2025-11-22,0,260796,0.0,poc,Middle East
Yemen,2025-11-23,1,247356,4.042756189459726e-06,poc,Middle East
Yemen,2025-11-24,0,369225,0.0,poc,Middle East
Yemen,2025-11-25,0,402507,0.0,poc,Middle East
Yemen,2025-11-26,0,401650,0.0,poc,Middle East
Yemen,2025-11-27,0,371181,0.0,poc,Middle East
Yemen,2025-11-28,0,353056,0.0,poc,Middle East
Yemen,2025-11-29,0,252636,0.0,poc,Middle East
Yemen,2025-11-30,0,247194,0.0,poc,Middle East
Yemen,2025-12-01,0,379063,0.0,poc,Middle East
Yemen,2025-12-02,0,398109,0.0,poc,Middle East
Yemen,2025-12-03,0,401740,0.0,poc,Middle East
Yemen,2025-12-04,0,397658,0.0,poc,Middle East
Yemen,2025-12-05,0,373655,0.0,poc,Middle East
Yemen,2025-12-06,0,251495,0.0,poc,Middle East
Yemen,2025-12-07,0,241620,0.0,poc,Middle East
Yemen,2025-12-08,0,348412,0.0,poc,Middle East
Yemen,2025-12-09,0,394955,0.0,poc,Middle East
Yemen,2025-12-10,1,400280,2.4982512241431e-06,poc,Middle East
Yemen,2025-12-11,2,395303,5.059410123373716e-06,poc,Middle East
Yemen,2025-12-12,0,369615,0.0,poc,Middle East
Yemen,2025-12-13,0,250769,0.0,poc,Middle East
Yemen,2025-12-14,0,245778,0.0,poc,Middle East
Yemen,2025-12-15,0,373258,0.0,poc,Middle East
Yemen,2025-12-16,0,387463,0.0,poc,Middle East
Yemen,2025-12-17,0,395680,0.0,poc,Middle East
Yemen,2025-12-18,0,388818,0.0,poc,Middle East
Yemen,2025-12-19,2,367756,5.4383884967206515e-06,poc,Middle East
Yemen,2025-12-20,0,243532,0.0,poc,Middle East
Yemen,2025-12-21,0,232138,0.0,poc,Middle East
Yemen,2025-12-22,0,347806,0.0,poc,Middle East
Yemen,2025-12-23,0,352583,0.0,poc,Middle East
Yemen,2025-12-24,0,289086,0.0,poc,Middle East
Yemen,2025-12-25,1,223901,4.466259641538001e-06,poc,Middle East
Yemen,2025-12-26,0,265056,0.0,poc,Middle East
Yemen,2025-12-27,0,222671,0.0,poc,Middle East
Yemen,2025-12-28,0,224537,0.0,poc,Middle East
Yemen,2025-12-29,0,322170,0.0,poc,Middle East
Yemen,2025-12-30,4,336075,1.190210518485457e-05,poc,Middle East
Yemen,2025-12-31,1,284556,3.514246756350244e-06,poc,Middle East
Yemen,2026-01-01,0,271695,0.0,poc,Middle East
Yemen,2026-01-02,1,279147,3.582341920206916e-06,poc,Middle East
Yemen,2026-01-03,0,240605,0.0,poc,Middle East
Yemen,2026-01-04,0,233289,0.0,poc,Middle East
Yemen,2026-01-05,0,340670,0.0,poc,Middle East
Yemen,2026-01-06,0,342779,0.0,poc,Middle East
Yemen,2026-01-07,4,365261,1.095107334207594e-05,poc,Middle East
Yemen,2026-01-08,0,376270,0.0,poc,Middle East
Yemen,2026-01-09,0,347047,0.0,poc,Middle East
Yemen,2026-01-10,0,240103,0.0,poc,Middle East
Yemen,2026-01-11,0,230427,0.0,poc,Middle East
Yemen,2026-01-12,0,353799,0.0,poc,Middle East
Yemen,2026-01-13,0,376480,0.0,poc,Middle East
Yemen,2026-01-14,0,388202,0.0,poc,Middle East
Yemen,2026-01-15,1,382207,2.616383268752273e-06,poc,Middle East
Yemen,2026-01-16,0,356051,0.0,poc,Middle East
Yemen,2026-01-17,0,245274,0.0,poc,Middle East
Yemen,2026-01-18,0,231988,0.0,poc,Middle East
Yemen,2026-01-19,0,353104,0.0,poc,Middle East
Yemen,2026-01-20,0,378869,0.0,poc,Middle East
Yemen,2026-01-21,0,387367,0.0,poc,Middle East
Yemen,2026-01-22,0,386964,0.0,poc,Middle East
Yemen,2026-01-23,1,362794,2.7563851662375895e-06,poc,Middle East
Yemen,2026-01-24,0,246820,0.0,poc,Middle East
Yemen,2026-01-25,0,234800,0.0,poc,Middle East
Yemen,2026-01-26,2,354828,5.636533757200672e-06,poc,Middle East
Yemen,2026-01-27,0,375514,0.0,poc,Middle East
Yemen,2026-01-28,0,389459,0.0,poc,Middle East
Yemen,2026-01-29,0,386111,0.0,poc,Middle East
Yemen,2026-01-30,1,368787,2.7115923283629847e-06,poc,Middle East
Yemen,2026-01-31,0,248098,0.0,poc,Middle East
Yemen,2026-02-01,0,247588,0.0,poc,Middle East
Yemen,2026-02-02,0,363239,0.0,poc,Middle East
Yemen,2026-02-03,0,387253,0.0,poc,Middle East
Yemen,2026-02-04,1,394037,2.5378327415953326e-06,poc,Middle East
Yemen,2026-02-05,0,397990,0.0,poc,Middle East
Yemen,2026-02-06,0,378651,0.0,poc,Middle East
Yemen,2026-02-07,0,255185,0.0,poc,Middle East
Yemen,2026-02-08,0,250955,0.0,poc,Middle East
Yemen,2026-02-09,0,385055,0.0,poc,Middle East
Yemen,2026-02-10,0,411259,0.0,poc,Middle East
Yemen,2026-02-11,0,423933,0.0,poc,Middle East
Yemen,2026-02-12,0,430935,0.0,poc,Middle East
Yemen,2026-02-13,0,406839,0.0,poc,Middle East
Yemen,2026-02-14,0,276822,0.0,poc,Middle East
Yemen,2026-02-15,0,261216,0.0,poc,Middle East
Yemen,2026-02-16,0,367923,0.0,poc,Middle East
Yemen,2026-02-17,0,412089,0.0,poc,Middle East
Yemen,2026-02-18,0,438640,0.0,poc,Middle East
Yemen,2026-02-19,0,442689,0.0,poc,Middle East
Yemen,2026-02-20,0,422290,0.0,poc,Middle East
Yemen,2026-02-21,0,288519,0.0,poc,Middle East
Yemen,2026-02-22,0,278526,0.0,poc,Middle East
Yemen,2026-02-23,0,419715,0.0,poc,Middle East
Yemen,2026-02-24,0,462052,0.0,poc,Middle East
Yemen,2026-02-25,0,482486,0.0,poc,Middle East
Yemen,2026-02-26,0,493764,0.0,poc,Middle East
Yemen,2026-02-27,0,469542,0.0,poc,Middle East
Yemen,2026-02-28,0,338347,0.0,poc,Middle East
Yemen,2026-03-01,0,315202,0.0,poc,Middle East
Yemen,2026-03-02,0,469472,0.0,poc,Middle East
Yemen,2026-03-03,0,491025,0.0,poc,Middle East
Yemen,2026-03-04,0,493296,0.0,poc,Middle East
Yemen,2026-03-05,0,500445,0.0,poc,Middle East
Yemen,2026-03-06,0,480150,0.0,poc,Middle East
Yemen,2026-03-07,0,326892,0.0,poc,Middle East
Yemen,2026-03-08,0,315949,0.0,poc,Middle East
Yemen,2026-03-09,0,473521,0.0,poc,Middle East
Yemen,2026-03-10,0,503500,0.0,poc,Middle East
Yemen,2026-03-11,0,518788,0.0,poc,Middle East
Yemen,2026-03-12,0,520954,0.0,poc,Middle East
Yemen,2026-03-13,2,492835,4.058153337323851e-06,poc,Middle East
Yemen,2026-03-14,0,336559,0.0,poc,Middle East
Yemen,2026-03-15,0,330169,0.0,poc,Middle East
Yemen,2026-03-16,1,496653,2.0134782232262766e-06,poc,Middle East
Yemen,2026-03-17,0,522384,0.0,poc,Middle East
Yemen,2026-03-18,0,530954,0.0,poc,Middle East
Yemen,2026-03-19,0,528525,0.0,poc,Middle East
Yemen,2026-03-20,0,479590,0.0,poc,Middle East
Yemen,2026-03-21,0,325293,0.0,poc,Middle East
Yemen,2026-03-22,0,308507,0.0,poc,Middle East
Yemen,2026-03-23,0,478830,0.0,poc,Middle East
Yemen,2026-03-24,0,518555,0.0,poc,Middle East
Yemen,2026-03-25,0,538022,0.0,poc,Middle East
Yemen,2026-03-26,0,541799,0.0,poc,Middle East
Yemen,2026-03-27,2,506403,3.949423680349445e-06,poc,Middle East
Yemen,2026-03-28,2,337706,5.922311122692519e-06,poc,Middle East
Yemen,2026-03-29,2,320715,6.236066289384656e-06,poc,Middle East
Yemen,2026-03-30,0,504232,0.0,poc,Middle East
Yemen,2026-03-31,0,554774,0.0,poc,Middle East
Yemen,2026-04-01,0,554490,0.0,poc,Middle East
Myanmar,2025-10-01,0,413118,0.0,poc,Asia
Myanmar,2025-10-02,0,386885,0.0,poc,Asia
Myanmar,2025-10-03,0,365871,0.0,poc,Asia
Myanmar,2025-10-04,0,258874,0.0,poc,Asia
Myanmar,2025-10-05,0,245464,0.0,poc,Asia
Myanmar,2025-10-06,0,370927,0.0,poc,Asia
Myanmar,2025-10-07,1,390339,2.561875702914646e-06,poc,Asia
Myanmar,2025-10-08,5,397708,1.2572037776459111e-05,poc,Asia
Myanmar,2025-10-09,2,401652,4.979434933723721e-06,poc,Asia
Myanmar,2025-10-10,0,373577,0.0,poc,Asia
Myanmar,2025-10-11,0,253430,0.0,poc,Asia
Myanmar,2025-10-12,3,244058,1.2292160060313533e-05,poc,Asia
Myanmar,2025-10-13,0,365543,0.0,poc,Asia
Myanmar,2025-10-14,0,393657,0.0,poc,Asia
Myanmar,2025-10-15,1,404546,2.4719067794515335e-06,poc,Asia
Myanmar,2025-10-16,0,402508,0.0,poc,Asia
Myanmar,2025-10-17,0,378636,0.0,poc,Asia
Myanmar,2025-10-18,0,256444,0.0,poc,Asia
Myanmar,2025-10-19,0,246205,0.0,poc,Asia
Myanmar,2025-10-20,2,361188,5.5372825232289e-06,poc,Asia
Myanmar,2025-10-21,0,390569,0.0,poc,Asia
Myanmar,2025-10-22,1,401753,2.4890915562547137e-06,poc,Asia
Myanmar,2025-10-23,0,396721,0.0,poc,Asia
Myanmar,2025-10-24,0,372896,0.0,poc,Asia
Myanmar,2025-10-25,0,254711,0.0,poc,Asia
Myanmar,2025-10-26,0,250172,0.0,poc,Asia
Myanmar,2025-10-27,0,371259,0.0,poc,Asia
Myanmar,2025-10-28,2,393666,5.080448908465552e-06,poc,Asia
Myanmar,2025-10-29,2,403255,4.959640921997247e-06,poc,Asia
Myanmar,2025-10-30,0,393785,0.0,poc,Asia
Myanmar,2025-10-31,0,376118,0.0,poc,Asia
Myanmar,2025-11-01,0,265016,0.0,poc,Asia
Myanmar,2025-11-02,0,243359,0.0,poc,Asia
Myanmar,2025-11-03,0,366974,0.0,poc,Asia
Myanmar,2025-11-04,0,399751,0.0,poc,Asia
Myanmar,2025-11-05,0,415870,0.0,poc,Asia
Myanmar,2025-11-06,0,407271,0.0,poc,Asia
Myanmar,2025-11-07,0,383130,0.0,poc,Asia
Myanmar,2025-11-08,0,260562,0.0,poc,Asia
Myanmar,2025-11-09,1,250208,3.996674766594194e-06,poc,Asia
Myanmar,2025-11-10,0,374543,0.0,poc,Asia
Myanmar,2025-11-11,0,391223,0.0,poc,Asia
Myanmar,2025-11-12,2,409224,4.887298887650773e-06,poc,Asia
Myanmar,2025-11-13,0,410496,0.0,poc,Asia
Myanmar,2025-11-14,1,386544,2.5870276087586406e-06,poc,Asia
Myanmar,2025-11-15,0,260461,0.0,poc,Asia
Myanmar,2025-11-16,0,246430,0.0,poc,Asia
Myanmar,2025-11-17,0,386039,0.0,poc,Asia
Myanmar,2025-11-18,0,392586,0.0,poc,Asia
Myanmar,2025-11-19,0,410027,0.0,poc,Asia
Myanmar,2025-11-20,0,401224,0.0,poc,Asia
Myanmar,2025-11-21,1,376856,2.6535334451355424e-06,poc,Asia
Myanmar,2025-11-22,0,260796,0.0,poc,Asia
Myanmar,2025-11-23,0,247356,0.0,poc,Asia
Myanmar,2025-11-24,2,369225,5.416751303405783e-06,poc,Asia
Myanmar,2025-11-25,1,402507,2.484428842231315e-06,poc,Asia
Myanmar,2025-11-26,0,401650,0.0,poc,Asia
Myanmar,2025-11-27,1,371181,2.694103415853721e-06,poc,Asia
Myanmar,2025-11-28,2,353056,5.664823710686123e-06,poc,Asia
Myanmar,2025-11-29,0,252636,0.0,poc,Asia
Myanmar,2025-11-30,0,247194,0.0,poc,Asia
Myanmar,2025-12-01,0,379063,0.0,poc,Asia
Myanmar,2025-12-02,0,398109,0.0,poc,Asia
Myanmar,2025-12-03,0,401740,0.0,poc,Asia
Myanmar,2025-12-04,0,397658,0.0,poc,Asia
Myanmar,2025-12-05,0,373655,0.0,poc,Asia
Myanmar,2025-12-06,0,251495,0.0,poc,Asia
Myanmar,2025-12-07,0,241620,0.0,poc,Asia
Myanmar,2025-12-08,1,348412,2.870165206709298e-06,poc,Asia
Myanmar,2025-12-09,0,394955,0.0,poc,Asia
Myanmar,2025-12-10,0,400280,0.0,poc,Asia
Myanmar,2025-12-11,3,395303,7.589115185060574e-06,poc,Asia
Myanmar,2025-12-12,1,369615,2.705517903764728e-06,poc,Asia
Myanmar,2025-12-13,2,250769,7.975467462086622e-06,poc,Asia
Myanmar,2025-12-14,0,245778,0.0,poc,Asia
Myanmar,2025-12-15,0,373258,0.0,poc,Asia
Myanmar,2025-12-16,2,387463,5.1617831896206864e-06,poc,Asia
Myanmar,2025-12-17,0,395680,0.0,poc,Asia
Myanmar,2025-12-18,0,388818,0.0,poc,Asia
Myanmar,2025-12-19,0,367756,0.0,poc,Asia
Myanmar,2025-12-20,0,243532,0.0,poc,Asia
Myanmar,2025-12-21,1,232138,4.307782439755663e-06,poc,Asia
Myanmar,2025-12-22,0,347806,0.0,poc,Asia
Myanmar,2025-12-23,0,352583,0.0,poc,Asia
Myanmar,2025-12-24,1,289086,3.4591782376178716e-06,poc,Asia
Myanmar,2025-12-25,0,223901,0.0,poc,Asia
Myanmar,2025-12-26,4,265056,1.509115054931788e-05,poc,Asia
Myanmar,2025-12-27,6,222671,2.694558339433514e-05,poc,Asia
Myanmar,2025-12-28,2,224537,8.90721796407719e-06,poc,Asia
Myanmar,2025-12-29,0,322170,0.0,poc,Asia
Myanmar,2025-12-30,0,336075,0.0,poc,Asia
Myanmar,2025-12-31,1,284556,3.514246756350244e-06,poc,Asia
Myanmar,2026-01-01,0,271695,0.0,poc,Asia
Myanmar,2026-01-02,0,279147,0.0,poc,Asia
Myanmar,2026-01-03,3,240605,1.246856881610939e-05,poc,Asia
Myanmar,2026-01-04,0,233289,0.0,poc,Asia
Myanmar,2026-01-05,0,340670,0.0,poc,Asia
Myanmar,2026-01-06,0,342779,0.0,poc,Asia
Myanmar,2026-01-07,0,365261,0.0,poc,Asia
Myanmar,2026-01-08,0,376270,0.0,poc,Asia
Myanmar,2026-01-09,0,347047,0.0,poc,Asia
Myanmar,2026-01-10,0,240103,0.0,poc,Asia
Myanmar,2026-01-11,4,230427,1.735907684429342e-05,poc,Asia
Myanmar,2026-01-12,0,353799,0.0,poc,Asia
Myanmar,2026-01-13,0,376480,0.0,poc,Asia
Myanmar,2026-01-14,0,388202,0.0,poc,Asia
Myanmar,2026-01-15,0,382207,0.0,poc,Asia
Myanmar,2026-01-16,1,356051,2.808586410373795e-06,poc,Asia
Myanmar,2026-01-17,0,245274,0.0,poc,Asia
Myanmar,2026-01-18,0,231988,0.0,poc,Asia
Myanmar,2026-01-19,0,353104,0.0,poc,Asia
Myanmar,2026-01-20,3,378869,7.918304215969108e-06,poc,Asia
Myanmar,2026-01-21,0,387367,0.0,poc,Asia
Myanmar,2026-01-22,0,386964,0.0,poc,Asia
Myanmar,2026-01-23,1,362794,2.7563851662375895e-06,poc,Asia
Myanmar,2026-01-24,0,246820,0.0,poc,Asia
Myanmar,2026-01-25,0,234800,0.0,poc,Asia
Myanmar,2026-01-26,5,354828,1.409133439300168e-05,poc,Asia
Myanmar,2026-01-27,0,375514,0.0,poc,Asia
Myanmar,2026-01-28,2,389459,5.135328750908312e-06,poc,Asia
Myanmar,2026-01-29,0,386111,0.0,poc,Asia
Myanmar,2026-01-30,3,368787,8.134776985088953e-06,poc,Asia
Myanmar,2026-01-31,0,248098,0.0,poc,Asia
Myanmar,2026-02-01,0,247588,0.0,poc,Asia
Myanmar,2026-02-02,0,363239,0.0,poc,Asia
Myanmar,2026-02-03,0,387253,0.0,poc,Asia
Myanmar,2026-02-04,2,394037,5.075665483190665e-06,poc,Asia
Myanmar,2026-02-05,1,397990,2.512625945375512e-06,poc,Asia
Myanmar,2026-02-06,0,378651,0.0,poc,Asia
Myanmar,2026-02-07,0,255185,0.0,poc,Asia
Myanmar,2026-02-08,0,250955,0.0,poc,Asia
Myanmar,2026-02-09,0,385055,0.0,poc,Asia
Myanmar,2026-02-10,0,411259,0.0,poc,Asia
Myanmar,2026-02-11,0,423933,0.0,poc,Asia
Myanmar,2026-02-12,0,430935,0.0,poc,Asia
Myanmar,2026-02-13,0,406839,0.0,poc,Asia
Myanmar,2026-02-14,0,276822,0.0,poc,Asia
Myanmar,2026-02-15,0,261216,0.0,poc,Asia
Myanmar,2026-02-16,1,367923,2.717960007936443e-06,poc,Asia
Myanmar,2026-02-17,0,412089,0.0,poc,Asia
Myanmar,2026-02-18,0,438640,0.0,poc,Asia
Myanmar,2026-02-19,0,442689,0.0,poc,Asia
Myanmar,2026-02-20,0,422290,0.0,poc,Asia
Myanmar,2026-02-21,0,288519,0.0,poc,Asia
Myanmar,2026-02-22,0,278526,0.0,poc,Asia
Myanmar,2026-02-23,0,419715,0.0,poc,Asia
Myanmar,2026-02-24,0,462052,0.0,poc,Asia
Myanmar,2026-02-25,0,482486,0.0,poc,Asia
Myanmar,2026-02-26,0,493764,0.0,poc,Asia
Myanmar,2026-02-27,0,469542,0.0,poc,Asia
Myanmar,2026-02-28,0,338347,0.0,poc,Asia
Myanmar,2026-03-01,1,315202,3.1725687019752413e-06,poc,Asia
Myanmar,2026-03-02,0,469472,0.0,poc,Asia
Myanmar,2026-03-03,0,491025,0.0,poc,Asia
Myanmar,2026-03-04,1,493296,2.0271804352761833e-06,poc,Asia
Myanmar,2026-03-05,0,500445,0.0,poc,Asia
Myanmar,2026-03-06,0,480150,0.0,poc,Asia
Myanmar,2026-03-07,0,326892,0.0,poc,Asia
Myanmar,2026-03-08,0,315949,0.0,poc,Asia
Myanmar,2026-03-09,0,473521,0.0,poc,Asia
Myanmar,2026-03-10,0,503500,0.0,poc,Asia
Myanmar,2026-03-11,0,518788,0.0,poc,Asia
Myanmar,2026-03-12,0,520954,0.0,poc,Asia
Myanmar,2026-03-13,0,492835,0.0,poc,Asia
Myanmar,2026-03-14,0,336559,0.0,poc,Asia
Myanmar,2026-03-15,0,330169,0.0,poc,Asia
Myanmar,2026-03-16,0,496653,0.0,poc,Asia
Myanmar,2026-03-17,0,522384,0.0,poc,Asia
Myanmar,2026-03-18,0,530954,0.0,poc,Asia
Myanmar,2026-03-19,0,528525,0.0,poc,Asia
Myanmar,2026-03-20,0,479590,0.0,poc,Asia
Myanmar,2026-03-21,0,325293,0.0,poc,Asia
Myanmar,2026-03-22,0,308507,0.0,poc,Asia
Myanmar,2026-03-23,0,478830,0.0,poc,Asia
Myanmar,2026-03-24,0,518555,0.0,poc,Asia
Myanmar,2026-03-25,0,538022,0.0,poc,Asia
Myanmar,2026-03-26,0,541799,0.0,poc,Asia
Myanmar,2026-03-27,1,506403,1.9747118401747227e-06,poc,Asia
Myanmar,2026-03-28,0,337706,0.0,poc,Asia
Myanmar,2026-03-29,0,320715,0.0,poc,Asia
Myanmar,2026-03-30,6,504232,1.1899284456361358e-05,poc,Asia
Myanmar,2026-03-31,0,554774,0.0,poc,Asia
Myanmar,2026-04-01,0,554490,0.0,poc,Asia
Ethiopia/Tigray,2025-10-01,3,413118,7.261847704529941e-06,poc,Africa
Ethiopia/Tigray,2025-10-02,0,386885,0.0,poc,Africa
Ethiopia/Tigray,2025-10-03,0,365871,0.0,poc,Africa
Ethiopia/Tigray,2025-10-04,0,258874,0.0,poc,Africa
Ethiopia/Tigray,2025-10-05,0,245464,0.0,poc,Africa
Ethiopia/Tigray,2025-10-06,0,370927,0.0,poc,Africa
Ethiopia/Tigray,2025-10-07,0,390339,0.0,poc,Africa
Ethiopia/Tigray,2025-10-08,1,397708,2.5144075552918223e-06,poc,Africa
Ethiopia/Tigray,2025-10-09,0,401652,0.0,poc,Africa
Ethiopia/Tigray,2025-10-10,0,373577,0.0,poc,Africa
Ethiopia/Tigray,2025-10-11,0,253430,0.0,poc,Africa
Ethiopia/Tigray,2025-10-12,0,244058,0.0,poc,Africa
Ethiopia/Tigray,2025-10-13,0,365543,0.0,poc,Africa
Ethiopia/Tigray,2025-10-14,0,393657,0.0,poc,Africa
Ethiopia/Tigray,2025-10-15,0,404546,0.0,poc,Africa
Ethiopia/Tigray,2025-10-16,0,402508,0.0,poc,Africa
Ethiopia/Tigray,2025-10-17,0,378636,0.0,poc,Africa
Ethiopia/Tigray,2025-10-18,0,256444,0.0,poc,Africa
Ethiopia/Tigray,2025-10-19,0,246205,0.0,poc,Africa
Ethiopia/Tigray,2025-10-20,0,361188,0.0,poc,Africa
Ethiopia/Tigray,2025-10-21,2,390569,5.1207341084417866e-06,poc,Africa
Ethiopia/Tigray,2025-10-22,0,401753,0.0,poc,Africa
Ethiopia/Tigray,2025-10-23,0,396721,0.0,poc,Africa
Ethiopia/Tigray,2025-10-24,0,372896,0.0,poc,Africa
Ethiopia/Tigray,2025-10-25,0,254711,0.0,poc,Africa
Ethiopia/Tigray,2025-10-26,0,250172,0.0,poc,Africa
Ethiopia/Tigray,2025-10-27,0,371259,0.0,poc,Africa
Ethiopia/Tigray,2025-10-28,0,393666,0.0,poc,Africa
Ethiopia/Tigray,2025-10-29,0,403255,0.0,poc,Africa
Ethiopia/Tigray,2025-10-30,0,393785,0.0,poc,Africa
Ethiopia/Tigray,2025-10-31,0,376118,0.0,poc,Africa
Ethiopia/Tigray,2025-11-01,0,265016,0.0,poc,Africa
Ethiopia/Tigray,2025-11-02,0,243359,0.0,poc,Africa
Ethiopia/Tigray,2025-11-03,0,366974,0.0,poc,Africa
Ethiopia/Tigray,2025-11-04,0,399751,0.0,poc,Africa
Ethiopia/Tigray,2025-11-05,0,415870,0.0,poc,Africa
Ethiopia/Tigray,2025-11-06,0,407271,0.0,poc,Africa
Ethiopia/Tigray,2025-11-07,0,383130,0.0,poc,Africa
Ethiopia/Tigray,2025-11-08,0,260562,0.0,poc,Africa
Ethiopia/Tigray,2025-11-09,0,250208,0.0,poc,Africa
Ethiopia/Tigray,2025-11-10,0,374543,0.0,poc,Africa
Ethiopia/Tigray,2025-11-11,0,391223,0.0,poc,Africa
Ethiopia/Tigray,2025-11-12,1,409224,2.4436494438253867e-06,poc,Africa
Ethiopia/Tigray,2025-11-13,0,410496,0.0,poc,Africa
Ethiopia/Tigray,2025-11-14,0,386544,0.0,poc,Africa
Ethiopia/Tigray,2025-11-15,0,260461,0.0,poc,Africa
Ethiopia/Tigray,2025-11-16,0,246430,0.0,poc,Africa
Ethiopia/Tigray,2025-11-17,0,386039,0.0,poc,Africa
Ethiopia/Tigray,2025-11-18,0,392586,0.0,poc,Africa
Ethiopia/Tigray,2025-11-19,0,410027,0.0,poc,Africa
Ethiopia/Tigray,2025-11-20,0,401224,0.0,poc,Africa
Ethiopia/Tigray,2025-11-21,0,376856,0.0,poc,Africa
Ethiopia/Tigray,2025-11-22,0,260796,0.0,poc,Africa
Ethiopia/Tigray,2025-11-23,1,247356,4.042756189459726e-06,poc,Africa
Ethiopia/Tigray,2025-11-24,0,369225,0.0,poc,Africa
Ethiopia/Tigray,2025-11-25,0,402507,0.0,poc,Africa
Ethiopia/Tigray,2025-11-26,0,401650,0.0,poc,Africa
Ethiopia/Tigray,2025-11-27,0,371181,0.0,poc,Africa
Ethiopia/Tigray,2025-11-28,0,353056,0.0,poc,Africa
Ethiopia/Tigray,2025-11-29,0,252636,0.0,poc,Africa
Ethiopia/Tigray,2025-11-30,0,247194,0.0,poc,Africa
Ethiopia/Tigray,2025-12-01,0,379063,0.0,poc,Africa
Ethiopia/Tigray,2025-12-02,0,398109,0.0,poc,Africa
Ethiopia/Tigray,2025-12-03,0,401740,0.0,poc,Africa
Ethiopia/Tigray,2025-12-04,0,397658,0.0,poc,Africa
Ethiopia/Tigray,2025-12-05,0,373655,0.0,poc,Africa
Ethiopia/Tigray,2025-12-06,0,251495,0.0,poc,Africa
Ethiopia/Tigray,2025-12-07,0,241620,0.0,poc,Africa
Ethiopia/Tigray,2025-12-08,0,348412,0.0,poc,Africa
Ethiopia/Tigray,2025-12-09,0,394955,0.0,poc,Africa
Ethiopia/Tigray,2025-12-10,2,400280,4.9965024482862e-06,poc,Africa
Ethiopia/Tigray,2025-12-11,0,395303,0.0,poc,Africa
Ethiopia/Tigray,2025-12-12,0,369615,0.0,poc,Africa
Ethiopia/Tigray,2025-12-13,0,250769,0.0,poc,Africa
Ethiopia/Tigray,2025-12-14,0,245778,0.0,poc,Africa
Ethiopia/Tigray,2025-12-15,0,373258,0.0,poc,Africa
Ethiopia/Tigray,2025-12-16,0,387463,0.0,poc,Africa
Ethiopia/Tigray,2025-12-17,0,395680,0.0,poc,Africa
Ethiopia/Tigray,2025-12-18,0,388818,0.0,poc,Africa
Ethiopia/Tigray,2025-12-19,0,367756,0.0,poc,Africa
Ethiopia/Tigray,2025-12-20,0,243532,0.0,poc,Africa
Ethiopia/Tigray,2025-12-21,0,232138,0.0,poc,Africa
Ethiopia/Tigray,2025-12-22,0,347806,0.0,poc,Africa
Ethiopia/Tigray,2025-12-23,0,352583,0.0,poc,Africa
Ethiopia/Tigray,2025-12-24,0,289086,0.0,poc,Africa
Ethiopia/Tigray,2025-12-25,0,223901,0.0,poc,Africa
Ethiopia/Tigray,2025-12-26,0,265056,0.0,poc,Africa
Ethiopia/Tigray,2025-12-27,0,222671,0.0,poc,Africa
Ethiopia/Tigray,2025-12-28,0,224537,0.0,poc,Africa
Ethiopia/Tigray,2025-12-29,0,322170,0.0,poc,Africa
Ethiopia/Tigray,2025-12-30,0,336075,0.0,poc,Africa
Ethiopia/Tigray,2025-12-31,0,284556,0.0,poc,Africa
Ethiopia/Tigray,2026-01-01,0,271695,0.0,poc,Africa
Ethiopia/Tigray,2026-01-02,0,279147,0.0,poc,Africa
Ethiopia/Tigray,2026-01-03,0,240605,0.0,poc,Africa
Ethiopia/Tigray,2026-01-04,0,233289,0.0,poc,Africa
Ethiopia/Tigray,2026-01-05,0,340670,0.0,poc,Africa
Ethiopia/Tigray,2026-01-06,0,342779,0.0,poc,Africa
Ethiopia/Tigray,2026-01-07,0,365261,0.0,poc,Africa
Ethiopia/Tigray,2026-01-08,0,376270,0.0,poc,Africa
Ethiopia/Tigray,2026-01-09,0,347047,0.0,poc,Africa
Ethiopia/Tigray,2026-01-10,0,240103,0.0,poc,Africa
Ethiopia/Tigray,2026-01-11,0,230427,0.0,poc,Africa
Ethiopia/Tigray,2026-01-12,0,353799,0.0,poc,Africa
Ethiopia/Tigray,2026-01-13,0,376480,0.0,poc,Africa
Ethiopia/Tigray,2026-01-14,0,388202,0.0,poc,Africa
Ethiopia/Tigray,2026-01-15,1,382207,2.616383268752273e-06,poc,Africa
Ethiopia/Tigray,2026-01-16,0,356051,0.0,poc,Africa
Ethiopia/Tigray,2026-01-17,0,245274,0.0,poc,Africa
Ethiopia/Tigray,2026-01-18,0,231988,0.0,poc,Africa
Ethiopia/Tigray,2026-01-19,0,353104,0.0,poc,Africa
Ethiopia/Tigray,2026-01-20,0,378869,0.0,poc,Africa
Ethiopia/Tigray,2026-01-21,0,387367,0.0,poc,Africa
Ethiopia/Tigray,2026-01-22,0,386964,0.0,poc,Africa
Ethiopia/Tigray,2026-01-23,0,362794,0.0,poc,Africa
Ethiopia/Tigray,2026-01-24,0,246820,0.0,poc,Africa
Ethiopia/Tigray,2026-01-25,0,234800,0.0,poc,Africa
Ethiopia/Tigray,2026-01-26,1,354828,2.818266878600336e-06,poc,Africa
Ethiopia/Tigray,2026-01-27,0,375514,0.0,poc,Africa
Ethiopia/Tigray,2026-01-28,0,389459,0.0,poc,Africa
Ethiopia/Tigray,2026-01-29,1,386111,2.5899288028572093e-06,poc,Africa
Ethiopia/Tigray,2026-01-30,0,368787,0.0,poc,Africa
Ethiopia/Tigray,2026-01-31,0,248098,0.0,poc,Africa
Ethiopia/Tigray,2026-02-01,0,247588,0.0,poc,Africa
Ethiopia/Tigray,2026-02-02,0,363239,0.0,poc,Africa
Ethiopia/Tigray,2026-02-03,2,387253,5.1645823273157345e-06,poc,Africa
Ethiopia/Tigray,2026-02-04,0,394037,0.0,poc,Africa
Ethiopia/Tigray,2026-02-05,0,397990,0.0,poc,Africa
Ethiopia/Tigray,2026-02-06,0,378651,0.0,poc,Africa
Ethiopia/Tigray,2026-02-07,0,255185,0.0,poc,Africa
Ethiopia/Tigray,2026-02-08,0,250955,0.0,poc,Africa
Ethiopia/Tigray,2026-02-09,0,385055,0.0,poc,Africa
Ethiopia/Tigray,2026-02-10,0,411259,0.0,poc,Africa
Ethiopia/Tigray,2026-02-11,0,423933,0.0,poc,Africa
Ethiopia/Tigray,2026-02-12,0,430935,0.0,poc,Africa
Ethiopia/Tigray,2026-02-13,0,406839,0.0,poc,Africa
Ethiopia/Tigray,2026-02-14,0,276822,0.0,poc,Africa
Ethiopia/Tigray,2026-02-15,0,261216,0.0,poc,Africa
Ethiopia/Tigray,2026-02-16,0,367923,0.0,poc,Africa
Ethiopia/Tigray,2026-02-17,0,412089,0.0,poc,Africa
Ethiopia/Tigray,2026-02-18,0,438640,0.0,poc,Africa
Ethiopia/Tigray,2026-02-19,0,442689,0.0,poc,Africa
Ethiopia/Tigray,2026-02-20,0,422290,0.0,poc,Africa
Ethiopia/Tigray,2026-02-21,0,288519,0.0,poc,Africa
Ethiopia/Tigray,2026-02-22,0,278526,0.0,poc,Africa
Ethiopia/Tigray,2026-02-23,1,419715,2.382569124286718e-06,poc,Africa
Ethiopia/Tigray,2026-02-24,0,462052,0.0,poc,Africa
Ethiopia/Tigray,2026-02-25,0,482486,0.0,poc,Africa
Ethiopia/Tigray,2026-02-26,2,493764,4.0505180612600355e-06,poc,Africa
Ethiopia/Tigray,2026-02-27,0,469542,0.0,poc,Africa
Ethiopia/Tigray,2026-02-28,1,338347,2.95554563805797e-06,poc,Africa
Ethiopia/Tigray,2026-03-01,0,315202,0.0,poc,Africa
Ethiopia/Tigray,2026-03-02,0,469472,0.0,poc,Africa
Ethiopia/Tigray,2026-03-03,1,491025,2.0365561834937123e-06,poc,Africa
Ethiopia/Tigray,2026-03-04,0,493296,0.0,poc,Africa
Ethiopia/Tigray,2026-03-05,0,500445,0.0,poc,Africa
Ethiopia/Tigray,2026-03-06,3,480150,6.2480474851608875e-06,poc,Africa
Ethiopia/Tigray,2026-03-07,0,326892,0.0,poc,Africa
Ethiopia/Tigray,2026-03-08,0,315949,0.0,poc,Africa
Ethiopia/Tigray,2026-03-09,0,473521,0.0,poc,Africa
Ethiopia/Tigray,2026-03-10,0,503500,0.0,poc,Africa
Ethiopia/Tigray,2026-03-11,0,518788,0.0,poc,Africa
Ethiopia/Tigray,2026-03-12,2,520954,3.839110554866649e-06,poc,Africa
Ethiopia/Tigray,2026-03-13,0,492835,0.0,poc,Africa
Ethiopia/Tigray,2026-03-14,0,336559,0.0,poc,Africa
Ethiopia/Tigray,2026-03-15,0,330169,0.0,poc,Africa
Ethiopia/Tigray,2026-03-16,0,496653,0.0,poc,Africa
Ethiopia/Tigray,2026-03-17,0,522384,0.0,poc,Africa
Ethiopia/Tigray,2026-03-18,0,530954,0.0,poc,Africa
Ethiopia/Tigray,2026-03-19,0,528525,0.0,poc,Africa
Ethiopia/Tigray,2026-03-20,0,479590,0.0,poc,Africa
Ethiopia/Tigray,2026-03-21,0,325293,0.0,poc,Africa
Ethiopia/Tigray,2026-03-22,0,308507,0.0,poc,Africa
Ethiopia/Tigray,2026-03-23,0,478830,0.0,poc,Africa
Ethiopia/Tigray,2026-03-24,0,518555,0.0,poc,Africa
Ethiopia/Tigray,2026-03-25,0,538022,0.0,poc,Africa
Ethiopia/Tigray,2026-03-26,0,541799,0.0,poc,Africa
Ethiopia/Tigray,2026-03-27,0,506403,0.0,poc,Africa
Ethiopia/Tigray,2026-03-28,0,337706,0.0,poc,Africa
Ethiopia/Tigray,2026-03-29,0,320715,0.0,poc,Africa
Ethiopia/Tigray,2026-03-30,0,504232,0.0,poc,Africa
Ethiopia/Tigray,2026-03-31,0,554774,0.0,poc,Africa
Ethiopia/Tigray,2026-04-01,0,554490,0.0,poc,Africa
Somalia,2025-10-01,0,413118,0.0,poc,Africa
Somalia,2025-10-02,0,386885,0.0,poc,Africa
Somalia,2025-10-03,0,365871,0.0,poc,Africa
Somalia,2025-10-04,0,258874,0.0,poc,Africa
Somalia,2025-10-05,0,245464,0.0,poc,Africa
Somalia,2025-10-06,0,370927,0.0,poc,Africa
Somalia,2025-10-07,0,390339,0.0,poc,Africa
Somalia,2025-10-08,0,397708,0.0,poc,Africa
Somalia,2025-10-09,0,401652,0.0,poc,Africa
Somalia,2025-10-10,0,373577,0.0,poc,Africa
Somalia,2025-10-11,0,253430,0.0,poc,Africa
Somalia,2025-10-12,0,244058,0.0,poc,Africa
Somalia,2025-10-13,0,365543,0.0,poc,Africa
Somalia,2025-10-14,0,393657,0.0,poc,Africa
Somalia,2025-10-15,0,404546,0.0,poc,Africa
Somalia,2025-10-16,0,402508,0.0,poc,Africa
Somalia,2025-10-17,0,378636,0.0,poc,Africa
Somalia,2025-10-18,0,256444,0.0,poc,Africa
Somalia,2025-10-19,0,246205,0.0,poc,Africa
Somalia,2025-10-20,0,361188,0.0,poc,Africa
Somalia,2025-10-21,0,390569,0.0,poc,Africa
Somalia,2025-10-22,0,401753,0.0,poc,Africa
Somalia,2025-10-23,0,396721,0.0,poc,Africa
Somalia,2025-10-24,0,372896,0.0,poc,Africa
Somalia,2025-10-25,0,254711,0.0,poc,Africa
Somalia,2025-10-26,0,250172,0.0,poc,Africa
Somalia,2025-10-27,0,371259,0.0,poc,Africa
Somalia,2025-10-28,0,393666,0.0,poc,Africa
Somalia,2025-10-29,0,403255,0.0,poc,Africa
Somalia,2025-10-30,0,393785,0.0,poc,Africa
Somalia,2025-10-31,0,376118,0.0,poc,Africa
Somalia,2025-11-01,0,265016,0.0,poc,Africa
Somalia,2025-11-02,0,243359,0.0,poc,Africa
Somalia,2025-11-03,1,366974,2.724988691296931e-06,poc,Africa
Somalia,2025-11-04,0,399751,0.0,poc,Africa
Somalia,2025-11-05,0,415870,0.0,poc,Africa
Somalia,2025-11-06,0,407271,0.0,poc,Africa
Somalia,2025-11-07,0,383130,0.0,poc,Africa
Somalia,2025-11-08,0,260562,0.0,poc,Africa
Somalia,2025-11-09,0,250208,0.0,poc,Africa
Somalia,2025-11-10,0,374543,0.0,poc,Africa
Somalia,2025-11-11,0,391223,0.0,poc,Africa
Somalia,2025-11-12,1,409224,2.4436494438253867e-06,poc,Africa
Somalia,2025-11-13,0,410496,0.0,poc,Africa
Somalia,2025-11-14,0,386544,0.0,poc,Africa
Somalia,2025-11-15,0,260461,0.0,poc,Africa
Somalia,2025-11-16,0,246430,0.0,poc,Africa
Somalia,2025-11-17,0,386039,0.0,poc,Africa
Somalia,2025-11-18,0,392586,0.0,poc,Africa
Somalia,2025-11-19,0,410027,0.0,poc,Africa
Somalia,2025-11-20,0,401224,0.0,poc,Africa
Somalia,2025-11-21,0,376856,0.0,poc,Africa
Somalia,2025-11-22,0,260796,0.0,poc,Africa
Somalia,2025-11-23,0,247356,0.0,poc,Africa
Somalia,2025-11-24,0,369225,0.0,poc,Africa
Somalia,2025-11-25,0,402507,0.0,poc,Africa
Somalia,2025-11-26,0,401650,0.0,poc,Africa
Somalia,2025-11-27,0,371181,0.0,poc,Africa
Somalia,2025-11-28,0,353056,0.0,poc,Africa
Somalia,2025-11-29,0,252636,0.0,poc,Africa
Somalia,2025-11-30,0,247194,0.0,poc,Africa
Somalia,2025-12-01,0,379063,0.0,poc,Africa
Somalia,2025-12-02,0,398109,0.0,poc,Africa
Somalia,2025-12-03,0,401740,0.0,poc,Africa
Somalia,2025-12-04,0,397658,0.0,poc,Africa
Somalia,2025-12-05,0,373655,0.0,poc,Africa
Somalia,2025-12-06,0,251495,0.0,poc,Africa
Somalia,2025-12-07,0,241620,0.0,poc,Africa
Somalia,2025-12-08,0,348412,0.0,poc,Africa
Somalia,2025-12-09,0,394955,0.0,poc,Africa
Somalia,2025-12-10,0,400280,0.0,poc,Africa
Somalia,2025-12-11,0,395303,0.0,poc,Africa
Somalia,2025-12-12,0,369615,0.0,poc,Africa
Somalia,2025-12-13,0,250769,0.0,poc,Africa
Somalia,2025-12-14,0,245778,0.0,poc,Africa
Somalia,2025-12-15,0,373258,0.0,poc,Africa
Somalia,2025-12-16,0,387463,0.0,poc,Africa
Somalia,2025-12-17,0,395680,0.0,poc,Africa
Somalia,2025-12-18,1,388818,2.5718973915816654e-06,poc,Africa
Somalia,2025-12-19,0,367756,0.0,poc,Africa
Somalia,2025-12-20,0,243532,0.0,poc,Africa
Somalia,2025-12-21,0,232138,0.0,poc,Africa
Somalia,2025-12-22,0,347806,0.0,poc,Africa
Somalia,2025-12-23,0,352583,0.0,poc,Africa
Somalia,2025-12-24,0,289086,0.0,poc,Africa
Somalia,2025-12-25,0,223901,0.0,poc,Africa
Somalia,2025-12-26,0,265056,0.0,poc,Africa
Somalia,2025-12-27,0,222671,0.0,poc,Africa
Somalia,2025-12-28,0,224537,0.0,poc,Africa
Somalia,2025-12-29,0,322170,0.0,poc,Africa
Somalia,2025-12-30,0,336075,0.0,poc,Africa
Somalia,2025-12-31,0,284556,0.0,poc,Africa
Somalia,2026-01-01,2,271695,7.3611954581424025e-06,poc,Africa
Somalia,2026-01-02,0,279147,0.0,poc,Africa
Somalia,2026-01-03,0,240605,0.0,poc,Africa
Somalia,2026-01-04,0,233289,0.0,poc,Africa
Somalia,2026-01-05,0,340670,0.0,poc,Africa
Somalia,2026-01-06,0,342779,0.0,poc,Africa
Somalia,2026-01-07,0,365261,0.0,poc,Africa
Somalia,2026-01-08,0,376270,0.0,poc,Africa
Somalia,2026-01-09,0,347047,0.0,poc,Africa
Somalia,2026-01-10,0,240103,0.0,poc,Africa
Somalia,2026-01-11,0,230427,0.0,poc,Africa
Somalia,2026-01-12,0,353799,0.0,poc,Africa
Somalia,2026-01-13,0,376480,0.0,poc,Africa
Somalia,2026-01-14,0,388202,0.0,poc,Africa
Somalia,2026-01-15,1,382207,2.616383268752273e-06,poc,Africa
Somalia,2026-01-16,0,356051,0.0,poc,Africa
Somalia,2026-01-17,0,245274,0.0,poc,Africa
Somalia,2026-01-18,0,231988,0.0,poc,Africa
Somalia,2026-01-19,0,353104,0.0,poc,Africa
Somalia,2026-01-20,0,378869,0.0,poc,Africa
Somalia,2026-01-21,0,387367,0.0,poc,Africa
Somalia,2026-01-22,0,386964,0.0,poc,Africa
Somalia,2026-01-23,0,362794,0.0,poc,Africa
Somalia,2026-01-24,0,246820,0.0,poc,Africa
Somalia,2026-01-25,0,234800,0.0,poc,Africa
Somalia,2026-01-26,0,354828,0.0,poc,Africa
Somalia,2026-01-27,0,375514,0.0,poc,Africa
Somalia,2026-01-28,0,389459,0.0,poc,Africa
Somalia,2026-01-29,0,386111,0.0,poc,Africa
Somalia,2026-01-30,0,368787,0.0,poc,Africa
Somalia,2026-01-31,0,248098,0.0,poc,Africa
Somalia,2026-02-01,0,247588,0.0,poc,Africa
Somalia,2026-02-02,0,363239,0.0,poc,Africa
Somalia,2026-02-03,0,387253,0.0,poc,Africa
Somalia,2026-02-04,0,394037,0.0,poc,Africa
Somalia,2026-02-05,0,397990,0.0,poc,Africa
Somalia,2026-02-06,0,378651,0.0,poc,Africa
Somalia,2026-02-07,0,255185,0.0,poc,Africa
Somalia,2026-02-08,0,250955,0.0,poc,Africa
Somalia,2026-02-09,0,385055,0.0,poc,Africa
Somalia,2026-02-10,0,411259,0.0,poc,Africa
Somalia,2026-02-11,0,423933,0.0,poc,Africa
Somalia,2026-02-12,0,430935,0.0,poc,Africa
Somalia,2026-02-13,0,406839,0.0,poc,Africa
Somalia,2026-02-14,0,276822,0.0,poc,Africa
Somalia,2026-02-15,0,261216,0.0,poc,Africa
Somalia,2026-02-16,0,367923,0.0,poc,Africa
Somalia,2026-02-17,0,412089,0.0,poc,Africa
Somalia,2026-02-18,0,438640,0.0,poc,Africa
Somalia,2026-02-19,0,442689,0.0,poc,Africa
Somalia,2026-02-20,0,422290,0.0,poc,Africa
Somalia,2026-02-21,0,288519,0.0,poc,Africa
Somalia,2026-02-22,0,278526,0.0,poc,Africa
Somalia,2026-02-23,0,419715,0.0,poc,Africa
Somalia,2026-02-24,0,462052,0.0,poc,Africa
Somalia,2026-02-25,0,482486,0.0,poc,Africa
Somalia,2026-02-26,0,493764,0.0,poc,Africa
Somalia,2026-02-27,0,469542,0.0,poc,Africa
Somalia,2026-02-28,0,338347,0.0,poc,Africa
Somalia,2026-03-01,0,315202,0.0,poc,Africa
Somalia,2026-03-02,0,469472,0.0,poc,Africa
Somalia,2026-03-03,0,491025,0.0,poc,Africa
Somalia,2026-03-04,0,493296,0.0,poc,Africa
Somalia,2026-03-05,0,500445,0.0,poc,Africa
Somalia,2026-03-06,0,480150,0.0,poc,Africa
Somalia,2026-03-07,0,326892,0.0,poc,Africa
Somalia,2026-03-08,0,315949,0.0,poc,Africa
Somalia,2026-03-09,0,473521,0.0,poc,Africa
Somalia,2026-03-10,0,503500,0.0,poc,Africa
Somalia,2026-03-11,0,518788,0.0,poc,Africa
Somalia,2026-03-12,0,520954,0.0,poc,Africa
Somalia,2026-03-13,0,492835,0.0,poc,Africa
Somalia,2026-03-14,0,336559,0.0,poc,Africa
Somalia,2026-03-15,0,330169,0.0,poc,Africa
Somalia,2026-03-16,0,496653,0.0,poc,Africa
Somalia,2026-03-17,0,522384,0.0,poc,Africa
Somalia,2026-03-18,0,530954,0.0,poc,Africa
Somalia,2026-03-19,0,528525,0.0,poc,Africa
Somalia,2026-03-20,0,479590,0.0,poc,Africa
Somalia,2026-03-21,0,325293,0.0,poc,Africa
Somalia,2026-03-22,0,308507,0.0,poc,Africa
Somalia,2026-03-23,0,478830,0.0,poc,Africa
Somalia,2026-03-24,0,518555,0.0,poc,Africa
Somalia,2026-03-25,0,538022,0.0,poc,Africa
Somalia,2026-03-26,0,541799,0.0,poc,Africa
Somalia,2026-03-27,0,506403,0.0,poc,Africa
Somalia,2026-03-28,0,337706,0.0,poc,Africa
Somalia,2026-03-29,0,320715,0.0,poc,Africa
Somalia,2026-03-30,0,504232,0.0,poc,Africa
Somalia,2026-03-31,0,554774,0.0,poc,Africa
Somalia,2026-04-01,0,554490,0.0,poc,Africa
